Etunimi;Lukumäärä
Maria;199597
Helena;126369
Anneli;124488
Johanna;112628
Kaarina;100855
Marjatta;91870
Hannele;86736
Kristiina;74853
Liisa;70967
Emilia;65835
Elina;64504
Annikki;60285
Tuulikki;60102
Maarit;57764
Sofia;56939
Susanna;56837
Leena;49672
Katariina;47647
Anna;46797
Marja;45360
Sinikka;44963
Inkeri;42445
Riitta;39626
Kyllikki;38368
Aino;36087
Tuula;35715
Anne;35160
Päivi;33958
Orvokki;33587
Ritva;33295
Tellervo;32800
Maija;32402
Pirjo;30463
Karoliina;30232
Pauliina;29878
Minna;29731
Sari;29484
Irmeli;29378
Eeva;28775
Tiina;27658
Laura;26897
Elisabet;26627
Marika;26571
Pirkko;26534
Eveliina;26510
Tarja;26454
Anja;25291
Satu;25161
Mari;24410
Seija;24368
Hanna;24310
Eila;24167
Marita;23994
Heidi;23888
Sirpa;23603
Raija;23536
Annika;23339
Irene;23207
Sisko;23159
Jaana;23033
Anita;22746
Sanna;22593
Eija;22066
Kirsi;21826
Ilona;21644
Marianne;21618
Julia;21194
Merja;21140
Katriina;20901
Amanda;20601
Ulla;20456
Arja;20400
Sirkka;20166
Paula;19945
Kaisa;19881
Marketta;19833
Terttu;19810
Anni;19759
Marjaana;19673
Tuulia;19508
Elisabeth;19347
Matilda;19254
Elisa;19055
Linnea;18378
Jenni;18028
Helmi;17472
Olivia;17258
Katja;17122
Hilkka;16832
Mirjami;16747
Heli;16680
Aurora;16670
Iida;16626
Kirsti;16625
Raili;16144
Emma;16047
Mirja;15989
Nina;15903
Katri;15146
Anniina;15127
Maaria;15054
Birgitta;14937
Kaija;14455
Sara;14226
Suvi;13899
Ida;13783
Marjut;13575
Riikka;13526
Anu;13507
Ella;13293
Tuija;13175
Saara;13171
Aleksandra;12962
Kerttu;12757
Lea;12705
Aila;12486
Niina;12474
Irma;12458
Pia;12370
Alexandra;12213
Irja;12093
Leila;12001
Kristina;11923
Marjo;11744
Marja-Leena;11734
Noora;11727
Tanja;11583
Jenna;11536
Margareta;11349
Henna;11349
Aulikki;11333
Kati;11071
Veera;11025
Mirjam;10943
Hellevi;10856
Lotta;10856
Marja-Liisa;10736
Anna-Liisa;10425
Maritta;10334
Elsa;10265
Outi;10240
Elli;10148
Ellen;10081
Taina;9997
Milla;9906
Mervi;9854
Päivikki;9836
Emmi;9810
Helinä;9667
Miia;9643
Virpi;9572
Alina;9501
Erika;9364
Aune;9346
Siiri;9284
Margit;9243
Jonna;9227
Sini;9159
Vilhelmiina;9005
Tiia;9000
Venla;8923
Sonja;8890
Aada;8436
Sanni;8213
Maire;8154
Jasmin;8042
Terhi;7997
Josefiina;7897
Mia;7804
Vilma;7750
Oona;7670
Linda;7667
Mira;7665
Esteri;7513
Martta;7474
Roosa;7376
Teija;7344
Eliisa;7327
Alisa;7222
Nea;7212
Airi;7149
Lilja;7117
Hillevi;7087
Essi;7085
Carita;7073
Piia;6966
Aili;6931
Christina;6896
Viivi;6765
Taru;6704
Marjukka;6678
Vuokko;6588
Krista;6582
Helvi;6572
Iiris;6568
Petra;6541
Tuuli;6403
Annukka;6398
Juulia;6341
Iina;6295
Marie;6207
Silja;6165
Eva;6127
Viola;6086
Mikaela;6060
Jenny;5980
Henriikka;5943
Inka;5933
Salla;5874
Onerva;5845
Susanne;5790
Erja;5783
Riina;5675
Pinja;5638
Camilla;5638
Aliisa;5566
Milja;5556
Katarina;5551
Isabella;5489
Toini;5476
Enni;5475
Reetta;5470
Sylvia;5401
Maija-Liisa;5242
Alice;5206
Ester;5198
Elvi;5167
Salme;5137
Ronja;5124
Eerika;4991
Jessica;4940
Anitta;4922
Soile;4894
Elise;4889
Lyydia;4888
Meeri;4824
Meri;4800
Elena;4781
Asta;4710
Cecilia;4638
Hilja;4635
Aira;4598
Lahja;4591
Rauha;4544
Laila;4477
Minttu;4462
Talvikki;4455
Taimi;4446
Saana;4444
Eevi;4440
Sirkka-Liisa;4365
Auli;4349
Maaret;4323
Heleena;4230
Amalia;4221
Kaisu;4172
Maiju;4126
Rauni;4097
Janina;4078
Nelli;4047
Armi;4031
Irina;4030
Saija;3990
Eira;3959
Ada;3909
Marina;3890
Sylvi;3869
Marianna;3860
Heini;3840
Charlotta;3762
Olga;3756
Elviira;3748
Pihla;3737
Karin;3699
Anette;3688
Sirkku;3625
Ingeborg;3581
Alma;3572
Minea;3555
Lumi;3482
Adele;3477
Hilma;3477
Nella;3470
Vappu;3420
Vieno;3397
Matleena;3386
Oili;3376
Eeva-Liisa;3325
Anna-Maija;3313
Eliina;3306
Alli;3298
Josefina;3290
Birgit;3272
Neea;3271
Senja;3262
Maila;3225
Sanelma;3218
Mirva;3216
Tyyne;3208
Wilhelmiina;3181
Joanna;3179
Jemina;3167
Hilda;3163
Tytti;3161
Iris;3133
Rosa;3083
Saimi;3030
Janika;3023
Hilla;3012
Soili;3001
Monica;2947
Peppi;2936
Anelma;2891
Victoria;2845
Janette;2817
Helmiina;2811
Jutta;2807
Annina;2804
Fanny;2798
Saga;2788
Loviisa;2761
Astrid;2757
Aini;2729
Linnéa;2694
Natalia;2671
Anne-Mari;2612
Tea;2603
Aava;2593
Janita;2589
Raakel;2586
Teresa;2582
Kiia;2559
Regina;2558
Piritta;2545
Mila;2539
Elma;2512
Netta;2502
Helka;2502
Karita;2495
Mirka;2488
Sandra;2479
Eine;2472
Fanni;2456
Inga;2411
Mona;2406
Ingrid;2391
Ulla-Maija;2362
Lempi;2342
Virve;2328
Nora;2324
Daniela;2322
Isla;2312
Inari;2303
Ulrika;2302
Anna-Maria;2299
Saila;2260
Vilja;2259
Unelma;2248
Gunilla;2245
Aija;2243
Aliina;2240
Margaretha;2228
Stella;2223
Annele;2210
Louise;2209
Senni;2176
Selma;2169
Vanessa;2149
Lydia;2146
Edith;2133
Jade;2095
Helli;2091
Lilli;2090
Rita;2061
Hanne;2049
Christine;2036
Heta;2032
Tuire;2015
Wilma;2003
Anastasia;2002
Salli;2000
Hertta;1995
Taija;1992
Helga;1988
Melissa;1984
Hellin;1982
Carola;1974
Vera;1974
Carolina;1970
Mimosa;1954
Erica;1953
Reeta;1941
Isabel;1940
Solveig;1938
Rebekka;1932
Varpu;1917
Liina;1913
Lisa;1904
Brita;1902
Heljä;1894
Monika;1887
Carina;1886
Eini;1879
Minja;1838
Reija;1832
Lilian;1817
Melina;1815
Riitta-Liisa;1815
Sofie;1812
Laina;1799
Patricia;1796
Elin;1788
Karolina;1760
Inger;1759
Elsi;1749
Susan;1747
Moona;1745
Adalmiina;1734
Maisa;1727
Lena;1716
Säde;1711
Frida;1710
Lyyli;1705
Anna-Kaisa;1694
Henrietta;1692
Marja-Terttu;1685
Miina;1682
Mirella;1680
Kerstin;1674
Kia;1671
Mariia;1670
Janna;1665
Charlotte;1655
Sointu;1630
Viktoria;1627
Harriet;1625
Marleena;1607
Titta;1604
Mette;1604
Siviä;1601
Aura;1590
Kaisla;1589
Pirita;1581
Tilda;1573
Valpuri;1570
Saima;1556
Tuovi;1549
Iisa;1542
Jasmine;1541
Rakel;1537
Selina;1521
Raisa;1517
Helene;1512
Ingegerd;1499
Vivian;1495
Stina;1494
Else;1494
Jasmiina;1491
Annette;1482
Miisa;1457
Amelia;1455
Ira;1455
Greta;1446
Ursula;1441
Kirsi-Marja;1431
Taika;1428
Mariitta;1426
Wilhelmina;1424
Ninni;1423
Rebecca;1416
Berit;1406
Leea;1406
Martina;1398
Tia;1397
Pilvi;1397
Elvira;1393
Veronica;1385
Anna-Mari;1385
Helen;1374
Seela;1369
Marja-Riitta;1363
Kiira;1363
Benita;1363
Terhikki;1352
Agneta;1339
Kanerva;1335
Hely;1322
Yvonne;1308
Elle;1298
Justiina;1295
Ann-Mari;1294
Barbro;1292
Hanna-Leena;1291
Mailis;1284
Iines;1283
Eleonoora;1272
Henni;1269
Hanna-Mari;1268
Beatrice;1263
Eleonora;1260
Siru;1260
Anna-Leena;1259
Erin;1252
Lumia;1250
Maj-Britt;1242
Raila;1230
Henrika;1229
Anne-Maria;1229
Kaarin;1227
Lovisa;1221
Siv;1220
Magdalena;1220
Valma;1219
Diana;1218
Fredrika;1216
Liisi;1215
Mea;1205
Janica;1203
Bertta;1198
Thi;1189
Tina;1182
Malin;1180
Enna;1169
Anne-Marie;1138
Edit;1134
Pirkko-Liisa;1131
Evelina;1130
Juuli;1128
Madeleine;1125
Saaga;1123
Ann;1122
Sohvi;1118
Sarita;1106
Lina;1104
Kirsikka;1103
Caroline;1100
Marjo-Riitta;1097
Gunvor;1095
Elizabeth;1091
Mathilda;1077
Miranda;1076
Iita;1073
Virva;1054
Paulina;1047
Milka;1046
Gunnel;1043
Sarah;1039
Amelie;1035
Vellamo;1027
Maija-Leena;1026
Mariella;1022
Valentina;1020
Michaela;1020
Peppiina;1019
Tinja;1016
Svetlana;1016
Suoma;1015
Serafiina;1009
Ava;1008
Elna;1003
Aida;1002
Sabina;1001
Riia;999
Sanna-Mari;996
Natalie;996
Inna;994
Nanna;988
Felicia;987
Vilhelmina;983
Mimmi;974
Ruth;973
Ansa;968
Annamari;968
Teresia;968
Auroora;961
Ebba;959
Adeliina;958
Signe;951
Kira;945
Tessa;945
Margareetta;942
Gun;936
Neela;930
Marlene;929
Aurelia;929
Aamu;925
Nadja;921
Maj-Lis;916
Maarika;914
Ruut;913
Ilmi;910
Åsa;908
Isa;906
Impi;904
Fiona;900
Vanamo;897
Ellinoora;893
Milena;892
Hanna-Kaisa;891
Kerttuli;891
Lemmikki;888
Annu;886
Nelly;878
Margareeta;878
Miriam;878
Juliaana;877
Ines;873
Sophie;868
Katrina;868
Doris;866
Verna;863
Jennifer;860
Sofi;849
Nicole;847
Jatta;846
Juliana;846
Beata;845
Tatiana;844
Stiina;844
Silvia;843
Lilia;842
Jessika;839
Pipsa;829
Luna;828
Alva;828
Lisbeth;825
Annastiina;823
Janni;823
Julianna;820
Mohamed;819
Rea;814
Claudia;812
Micaela;810
Synnöve;800
Sophia;799
Annikka;796
Agnes;795
Dagmar;795
Veronika;792
Lila;790
Nita;788
Ina;786
Unna;785
Soilikki;782
Tatjana;778
Bettina;777
Aina;776
Angelica;775
Mary;770
Kielo;768
Britta;767
Emelie;765
Michelle;761
Nuppu;756
Emily;752
Minka;751
Kaino;751
Kastehelmi;749
Alissa;746
Melinda;740
Minerva;737
Meea;737
Mirkka;736
Minni;734
Ida-Maria;732
Kukka-Maaria;727
Saini;727
Josefin;723
Merita;716
Ilse;714
Kukka;713
Nathalie;711
Maya;711
Christel;704
Jeanette;704
Maj;695
Catharina;695
Jasmina;693
Lucia;691
Christa;688
Gabriella;687
Hanna-Maria;686
Viena;682
Andrea;680
Josefine;680
Malla;671
Tamara;671
Rosita;668
Serafia;667
Ann-Marie;667
Siri;663
Marju;661
Tove;660
Livia;658
Eivor;653
Alicia;651
Eeva-Maria;650
Ekaterina;649
Pirjo-Riitta;648
Anne-Maj;648
Ireene;642
Eedit;638
Viveka;636
Jane;634
Therese;630
Rebecka;628
Emmiina;625
Edla;623
Emilie;623
Sigrid;622
Hellä;621
Terese;621
Marian;618
Antonia;615
Rosanna;615
Mariel;615
Sarianna;614
Larissa;608
Isabelle;607
Eriika;607
Linn;606
Ritva-Liisa;605
Ria;605
Tara;602
Ramona;599
Jenniina;594
Anne-Maarit;592
Mai;591
Adelina;590
Catarina;590
Briitta;587
Elea;587
Anna-Sofia;585
Jannika;584
Jelena;584
Cristina;582
Selja;580
Rose;577
Elmiina;572
Eve;571
Iida-Maria;571
Siina;564
Marit;561
Inga-Lill;561
Bea;557
Magdaleena;557
Angelina;556
Mariana;555
Susann;555
Lenita;553
Eija-Liisa;553
Henna-Riikka;550
Märta;547
Pirjo-Liisa;547
Ottilia;546
Svea;544
Lily;541
Sirja;541
Galina;534
Sinna;534
Annemari;531
Ilta;530
Fiia;530
Augusta;525
Tua;519
Kristine;518
Ahmed;511
Milana;510
Karina;509
Eeva-Maija;507
Soila;502
Hulda;502
Angela;502
Lara;500
Viveca;500
Pernilla;497
Ann-Christine;497
Alise;492
Sanna-Kaisa;491
Ulriikka;491
Lisbet;490
Ulpu;489
Else-Maj;487
Silva;487
Kreetta;485
Mari-Anne;482
Sani;482
My;481
Maili;480
Marikki;478
Lili;478
Sanna-Maria;478
Hanneli;475
Meiju;475
Liinu;473
Noomi;473
Serafina;469
Ingegärd;467
Leona;467
Yasmin;467
Ruusu;466
Pamela;464
Margaret;463
Gunhild;461
Mariaana;455
Roosa-Maria;455
Adelia;454
Teea;452
May;451
Marissa;449
Sade;449
Hannamari;446
Aallotar;444
Ellinor;443
Aleksiina;435
Annica;435
Margita;432
Assi;432
Lidia;431
Petriina;430
Lemmitty;430
Kustaava;428
Hedvig;427
Cassandra;426
Gun-Britt;426
Anna-Lisa;425
Ann-Christin;424
Karla;419
Angelika;419
Tuulevi;419
Gretel;418
Riika;417
Amina;414
Nana;413
Clara;411
Marjanne;410
Kreeta;409
Maja;408
Britt-Marie;406
Hellen;404
Mandi;404
Carmen;402
Vivi;401
Leeni;401
Bella;401
Ali;400
Göta;399
Hannah;398
Catherine;397
Marica;397
Henriika;397
Moa;396
Klaudia;395
Meri-Tuuli;395
Hanna-Maija;393
Lumikki;393
Kirsi-Maria;392
Erna;391
Mariann;388
Kamilla;387
Maj-Len;386
Britt;385
Samira;385
Alexsandra;385
Mirja-Liisa;384
Katharina;384
Ann-Sofi;383
Nenna;383
Hillervo;380
Tiia-Maria;380
Mariam;379
Theresa;378
Sarianne;375
Jarna;375
Kristin;374
Ainikki;374
Ilma;373
Katrin;373
Margarita;373
Leena-Maija;372
Mielikki;372
Valborg;372
Raija-Liisa;371
Annie;370
Rut;369
Lumina;369
Jennika;368
Miira;368
Hilppa;367
Fatima;366
Mariela;366
Iitu;365
Lauriina;365
Raita;365
Abdi;364
Gabriela;364
Ragnhild;364
Bianca;363
Ulriika;363
Vaula;361
Minna-Liisa;360
Adéle;358
Merituuli;354
Ninja;350
Gertrud;349
Valeria;349
Barbara;346
Sonia;345
Filippa;344
Gerd;344
Louna;344
Ethel;342
Carla;342
Armiida;342
Lilly;342
Evita;341
Aniitta;339
Anri;339
Sabrina;338
Evelyn;337
Ann-Sofie;336
Estelle;335
Odessa;334
Rosa-Maria;332
Kajsa;331
Eriikka;331
Hjördis;331
Laimi;331
Josephine;330
Susa;330
Suvi-Tuuli;330
Desiree;328
Thea;327
Jadessa;327
Ruusa;325
Henriette;324
Melisa;324
Jenina;324
Eeva-Leena;324
Esther;323
Annabella;322
Sanja;322
Evi;321
Margetta;320
Eva-Maria;319
Ann-Charlotte;318
Naomi;317
Arja-Liisa;316
Eeva-Kaisa;315
Anna-Lena;315
Aisha;315
Annaliisa;314
Eeva-Riitta;314
Hildegard;312
Usva;309
Hassan;309
Marisa;309
Jessi;308
Anna-Kaarina;306
Adessa;306
Natasha;305
Gunborg;304
Maija-Riitta;304
Disa;303
Denise;302
Klara;302
Elmi;301
Aino-Maria;301
Illusia;300
Maikki;300
Salla-Mari;300
Maini;300
Sofianna;299
Marke;295
Janniina;294
Miila;294
Pauline;294
Lia;293
Rose-Marie;292
Adina;292
Hanna-Liisa;291
Etel;291
Auri;291
Annamaria;290
Petronella;290
Hanna-Riikka;289
Klaara;289
Suvi-Tuulia;288
Seidi;288
Anna-Riitta;288
Arla;288
Caroliina;286
Jennie;286
Amira;286
Marie-Louise;285
Anna-Riikka;285
Alexia;284
Lillemor;284
Kaija-Leena;284
Malviina;284
Jannica;284
Adalmina;284
Mariina;282
Nadia;282
Nette;281
Auni;281
Hanni;280
Grace;280
Theresia;280
Janet;278
Freja;278
Rianna;278
Marietta;277
Karelia;277
Elli-Noora;277
Eeva-Kaarina;276
Jolanda;276
Ylva;276
Hellikki;276
Arja-Leena;275
Lyyti;272
Sirke;271
Karola;271
Ann-Kristin;270
Isabell;270
Tiiu;269
Maia;269
Liia;269
Ninna;268
Marion;265
Martha;265
Salome;265
Judith;265
Sissi;265
Selena;264
Emelia;263
Pieta;262
Celina;260
Aino-Maija;260
Alviina;260
Rosaliina;259
Tekla;259
Annakaisa;259
Majlis;257
Simone;256
Abdullahi;256
Stephanie;256
Nancy;255
Belinda;255
Sirpa-Liisa;255
Armida;254
Gurli;254
Zahra;254
Lotte;254
Ksenia;253
Minnea;253
Dina;253
Salma;252
Clarissa;252
Meimi;251
Desiré;250
Minna-Maria;250
Ingalill;250
Gunnevi;250
Kaija-Liisa;250
Melanie;249
Valdine;249
Ulrica;249
Solja;247
Sally;246
Julie;246
Telma;245
Evelin;245
Kim;245
Annamaija;242
Riitta-Leena;242
Eden;241
Helle;241
Sannamari;241
Bernice;240
Tilde;240
Alessia;239
Pirjetta;239
Ann-Britt;239
Malena;238
Ingela;238
Ann-Louise;237
Sanna-Maija;237
Pia-Maria;237
Gudrun;236
Anitra;236
Margot;236
Desirée;235
Leni;234
Bodil;234
Emmy;233
Adolfiina;233
Ulla-Riitta;233
Fia;232
Dagny;231
Merja-Liisa;231
Gerda;231
Tinka;230
Karen;230
Betty;229
Vivan;229
Viliina;228
Maryam;228
Estella;226
Pilvikki;226
Nicola;226
Christin;226
Heidi-Maria;225
Severiina;225
Daria;225
Meri-Tuulia;224
Noona;223
Juliet;222
Anastacia;222
Anne-Maija;221
Myy;221
Sienna;221
Antonina;220
Kristel;220
Ilmatar;219
Leonora;219
Lyydi;219
Eliisabet;218
Rachel;218
Larisa;218
Carin;218
Adriana;216
Tia-Maria;215
Reea;215
Sallamari;213
Judit;213
Venny;212
Marta;211
Maria-Liisa;211
Ngoc;211
Tarleena;210
Satu-Maarit;209
Seliina;209
Sanna-Leena;209
Iia;208
Piitu;207
Manta;207
Molly;207
Minna-Mari;207
Eija-Riitta;206
Anni-Maria;206
Ani;206
Suvituuli;205
Katerina;205
Mercedes;205
Nanni;205
Milma;204
Ella-Maria;204
Nadezda;204
Esmeralda;204
Sina;203
Amy;203
Ulla-Britt;202
Cindy;202
Vadelma;202
Alessandra;202
Katinka;201
Eleanor;201
Tindra;201
Ihanelma;201
Marjaleena;200
Crista;200
Yasmine;199
Jana;199
Thuy;199
Santra;198
Alla;198
Hille;197
Annaleena;197
Kiti;196
Inga-Britt;194
Rosalia;194
Saskia;194
Anne-Marja;193
Jasmi;193
Riitta-Maija;192
Daniella;191
Juliette;190
Bettiina;190
Nicolina;189
Tanya;187
Suvi-Päivikki;187
Marija;186
Sabine;186
Ida-Sofia;186
Saida;185
Katri-Helena;185
Annabel;185
Milaja;185
Hilpi;185
Märtha;184
Li;183
Tatjaana;183
Ann-Maj;182
Serena;182
Mimi;182
Thelma;182
Kaisa-Leena;181
Thanh;181
Ana;181
Merike;180
Liudmila;180
Ariel;179
Iira;179
Markit;179
Viia;178
Tiitu;178
Liv;177
Lisen;177
Mei;176
Dolores;175
Sarlotta;175
Ljudmila;174
Sesilia;173
Jenita;173
Mina;173
Cia;172
Tiina-Liisa;172
Eelin;172
Alexa;172
Maria-Leena;172
Tarja-Leena;171
Raija-Leena;170
Estrid;170
Thu;170
Rina;170
Evelia;170
Beda;169
Tania;169
Nia;169
Ranja;169
Jekaterina;169
Elsie;168
Matintytär;168
Sanna-Liisa;168
Hannaleena;168
Ia;168
Elida;168
Tyyni;167
Britt-Mari;167
Desire;167
Elizaveta;167
Eva-Liisa;166
Mariette;166
Katherine;165
Eevastiina;165
Jennica;165
Tuisku;165
Sara-Sofia;164
Lisette;164
Henna-Maria;164
Liana;164
Pirjo-Leena;163
Elissa;163
Marinka;163
Nellie;163
Pepita;163
Eufemia;163
Cornelia;162
Maari;162
Inge;162
Polina;162
Eedla;162
Vilina;161
Mia-Maria;160
Ragni;159
Anna-Stina;159
Pulmu;158
Kaisa-Maria;158
Hussein;157
Kaneli;157
Samantha;157
Omar;157
Joy;156
Wenla;156
Pälvi;156
Miia-Maria;155
Ellida;154
Kastanja;154
Irinja;154
Helén;154
Ann-Lis;153
Gisela;153
Antintytär;153
Mirette;153
Aino-Kaisa;153
Tarja-Liisa;153
Marikka;153
Dorrit;152
Kata;152
Anna-Elina;152
Marilla;152
Hilkka-Liisa;152
Marjaliisa;152
Salla-Maria;151
Francesca;151
Milla-Maria;151
Seelia;151
Laura-Maria;151
Enne;151
Dorothea;150
Sivi;150
Jannina;150
Virginia;150
Hildur;150
Merika;149
Lola;149
Neelia;149
Celine;149
Mohamud;149
Katrine;148
Tiia-Mari;148
Jenni-Maria;148
Janiina;148
Miitta;148
Niia;148
Elice;147
Halla;147
Albertiina;147
Dana;147
Anna-Reetta;146
Ariana;146
Christiina;146
Nina-Maria;146
Jennina;145
Tiina-Maija;145
Yulia;144
Anna-Kristiina;143
Cilla;143
Hanne-Mari;143
Rosalie;143
Leena-Kaisa;143
Moonika;143
Renja;143
Aletta;143
Saara-Maria;143
Fadumo;143
Linne;143
Adela;143
Marttiina;142
Aniita;142
Lauha;142
Phuong;142
Runa;141
Amélie;141
Mari-Ann;141
Inge-Maj;141
Therése;140
Ilana;140
Ulla-Maria;140
Abigail;140
Isadora;140
Milda;140
Eleanora;140
Janessa;140
Dora;139
Malva;139
Ulla-Maj;139
Liisa-Maria;139
Onneli;139
Daisy;139
Iréne;139
Marja-Sisko;139
Ibrahim;138
Antoinette;138
Inez;138
Anna-Marja;138
Gun-Maj;138
Nilla;138
Cesilia;138
Luisa;137
Lillian;137
Marielle;137
Mari-Anna;137
Nikita;137
Anh;136
Vivia;136
Peppina;136
Freya;136
Anna-Emilia;135
Darja;135
Ofelia;135
Suzanne;135
Emeliina;134
Madelene;134
Annelie;134
Marjetta;134
Timontytär;134
Selene;134
Abdirahman;134
Xenia;134
Liliana;133
Riikka-Liisa;133
Safia;133
Tuike;133
Eeva-Marja;132
Enja;132
Fiina;132
Maj-Gret;132
Alinda;132
Juhantytär;132
Agda;131
Ensi;131
Iman;131
Alida;131
Iida-Sofia;131
Raakeli;131
Annariina;130
Mikontytär;130
Anceliga;130
Nova;129
Maarita;129
Mahamed;129
Louisa;129
Irena;129
Seija-Liisa;129
Anja-Riitta;129
Danielle;129
Suometar;129
Maud;129
Sylva;129
Suvi-Maria;128
Ritva-Leena;128
Majvor;128
Greetta;128
Alfhild;128
Kate;127
Jemiina;127
Friida;127
Lee;127
Satu-Maria;127
Nonna;127
Senna;127
Marlena;127
Tilma;126
Ruska;126
Nelma;126
Alvina;126
Tiina-Maria;126
Linda-Maria;126
Nona;125
Ewa;125
Evgenia;125
Nadine;125
Mareena;124
Nanette;124
Pirre;124
Ann-Katrin;123
Nur;123
Tyra;123
Yrsa;123
Manuela;123
Fredriika;123
Lynn;122
Safira;122
Rhea;122
Ringa;122
Kitty;122
Ros-Mari;122
Oksana;122
Menni;122
Fransiina;121
Henna-Mari;121
Kaisa-Liisa;121
Ludmila;121
Alyssa;121
Yusuf;121
Annastina;121
Celia;121
Norma;120
Rafaela;120
Pirkitta;120
Linea;120
Ona;120
Aline;120
Henrica;120
Anna-Maaria;119
Anisa;119
Heloisa;119
Ellie;119
Emili;119
Eimi;119
Tiina-Mari;119
Marlen;119
Abdulkadir;119
Emiilia;118
Natalja;118
Alena;118
Sera;118
Carolin;118
Lumikukka;118
Mirikli;118
Lioudmila;118
Nitta;118
Ghita;118
Maijastiina;118
Anna-Stiina;118
Lulu;117
Leah;117
Nanny;117
Leia;117
Hong;117
Merja-Riitta;117
Sarina;117
Oxana;117
Rauna;116
Zainab;116
Hilve;116
Hedda;116
Juni;116
Elinor;116
Paola;116
Vivi-Ann;116
Rigmor;115
Kiara;115
Engla;115
Denice;115
Eliana;114
Peggy;114
Monna;114
Mirja-Leena;113
Sallamaari;113
Adalia;113
Helly;113
Paloma;113
Oosa;113
Lise;113
Dorotea;113
Sharon;113
Raini;112
Mohammed;112
Gloria;112
Sirje;112
Jetta;112
Marja-Helena;112
Charlott;112
Gun-Lis;112
Leyla;111
Kaur;111
Tuula-Maija;111
Sira;111
Anna-Karin;111
Vilmiina;111
Farah;111
Tiuku;111
Sari-Anne;111
Mariita;110
Ainu;110
Ea;110
Rose-Maj;110
Urpu;110
Marjanna;109
Ulla-Mari;109
Taiga;109
Henny;109
Manda;109
Adeline;109
Maritza;108
Emilja;108
Mary-Ann;108
Jasmiini;108
Rinna;108
Keiju;108
Vendela;108
Renata;107
Riikka-Maria;107
Claire;107
Violetta;107
Rosina;107
Marguerite;107
Zara;107
Janine;106
Ottiilia;106
Arja-Riitta;106
Arina;106
Anja-Liisa;106
Florence;106
Katjaana;106
Mirelle;105
Merete;105
Priscilla;105
Ulla-Marja;105
Anne-Riitta;105
Catrin;105
Paju;104
Hennariikka;104
Anna-Katariina;104
Aurinko;104
Zaida;104
Albertina;104
Catrine;103
Milli;103
Peppi-Lotta;103
Noelle;103
Eugenia;103
Anika;103
Fredriikka;103
Akuliina;103
Tutta;103
Rilla;102
Irja-Liisa;102
Emma-Sofia;102
Mathilde;102
Eija-Leena;102
Ann-Charlott;102
Heikintytär;102
Stefanie;102
Yolanda;102
Liselott;102
Edna;102
Maura;102
Mianna;102
Arianna;102
Selinda;101
Gunn-Britt;101
Anni-Sofia;101
Ljubov;101
Nadejda;101
Eufrosyne;101
Amal;101
Irmelin;101
Liubov;100
Linh;100
Anneka;100
Eliise;100
Violet;100
Elliina;100
Nanne;100
Gunn;100
Henniina;100
Annmari;99
Rania;99
Casandra;99
Vanilla;99
Ristiina;99
Sahra;99
Sinja;99
Pirketta;99
Caterina;99
Sonya;99
Elly;99
Hagar;99
Tatja;98
Hanna-Riitta;98
Jeannette;98
Eea;97
Salla-Maaria;97
Anna-Greta;97
Eleni;97
Elif;97
Janetta;97
Berta;97
Joan;96
Carmela;96
Aleksia;96
Sara-Maria;96
Kirsimarja;96
Tita;96
Celeste;96
Jean;96
Sole;96
Hilde;95
Anni-Mari;95
Nessa;95
Sella;95
Vendla;95
Zoe;94
Margareth;94
Tianna;94
Margitta;94
Sini-Tuulia;94
Jamina;94
Gunda;93
Emerentia;93
Muisto;93
Sini-Maria;93
Meira;93
Khadija;93
Hinni;93
Gitta;93
Opri;93
Toivikki;93
Merit;92
Karoline;92
Minnamari;92
Yasemin;92
Justina;92
Zeinab;92
Cathrine;92
Terja;92
Vella;92
Liida;92
Minttu-Maaria;91
Alisia;91
Lotta-Maria;91
Fatma;91
Sulevi;91
Raina;90
Sanna-Maarit;90
Tuyet;90
Renate;90
Emmi-Lotta;90
Anne-Kristiina;90
Kaisa-Mari;90
Nada;90
Julina;90
Verona;90
Kirsi-Maarit;90
Unnukka;90
Anina;90
Jarintytär;90
Minda;89
Eela;89
Marja-Kaarina;89
Lise-Lotte;89
Hannuntytär;89
Lyylikki;89
Minna-Maarit;89
Emma-Lotta;89
Lucy;89
Savannah;89
Corinne;89
Tuuliina;89
Vivika;89
Jacqueline;89
Hannakaisa;89
Serafiia;88
Minna-Leena;88
Osman;88
Kathleen;88
Evy;88
Manna;88
Thao;88
Chloe;88
Jill;88
Tarita;88
Liselotte;88
Julietta;87
Emine;87
Päivyt;87
Lauren;87
Annuli;87
Ainamo;87
Eveline;87
Anne-Marita;87
Toive;87
Marje;87
Sorella;86
Mona-Lisa;86
Minttu-Maria;86
Marena;86
Kaari;86
Natali;86
Hymy;86
Miranna;86
Tuula-Marja;86
Hani;86
Jenna-Maria;86
Kukka-Maria;86
Alessa;86
Arita;86
Minna-Riitta;86
Suvi-Maaria;85
Arlene;85
Maret;85
Unni;85
Tii;85
Tiina-Riitta;85
Merja-Leena;85
Mildred;85
Minella;85
Julianne;85
Vanilja;85
Gabrielle;85
Chiara;84
Jemima;84
Gina;84
Mataleena;84
Meja;84
Aicha;84
Valerie;84
Hafsa;84
Eerin;84
Juudit;84
Huong;84
Jukantytär;84
Noor;83
Mainikki;83
Etta;83
Flora;83
Soraja;83
Edita;83
Enya;83
Deborah;83
Pricilla;83
Karintytär;83
Suzan;83
Line;82
Hele;82
Miili;82
Melek;82
Meliina;82
Mikantytär;82
Vienna;82
Beeda;82
Eleanoora;82
Anna-Karoliina;82
Eevaliisa;82
Cajsa;82
Ann-Helen;82
Sunna;82
Henriina;82
Emina;82
Tora;81
Cristiina;81
Kiana;81
Alexandria;81
Eeva-Stiina;81
Pirkko-Leena;81
Marja-Kaisa;81
Anne-May;81
Mitra;81
Merina;81
Pirta;81
Hanna-Reetta;81
Terttu-Liisa;81
Angel;81
Viviana;80
Satu-Marja;80
Mirkku;80
Oivi;80
Heléne;80
Helkky;80
Sumaya;80
Sirkka-Leena;80
Anna-Helena;79
Odette;79
Donna;79
Asma;79
Wera;79
Gitte;79
Ulpukka;79
Minh;79
Oma;79
Angelique;78
Iina-Maria;78
Ha;78
Aliisi;78
Ayan;78
Vivianna;78
Satu-Maaria;78
Kaija-Riitta;78
Sorja;78
Ann-Catrin;78
Margarethe;78
Said;78
Minna-Kaisa;78
Eliisi;78
Eliza;78
Miona;77
Görel;77
Sol-Britt;77
Melody;77
Miida;77
Minette;77
Agatha;77
Meija;77
Frances;77
Anna-Lotta;77
Tähti;77
Savanna;77
Joanne;76
Tuuli-Maria;76
Marinella;76
Sofiia;76
Adolfina;76
Jamila;76
Mae;76
Clary;76
Nea-Maria;76
Maleena;76
Gustava;76
Pii;76
Mella;76
Maryan;75
Viva;75
Izabella;75
Anetta;75
Salla-Maarit;75
Jenika;75
Reine;75
Gunlög;75
Adella;75
Laine;75
Kirsten;75
Anmari;75
Soraya;75
Agata;75
Tuomikki;74
Tiina-Kaisa;74
Lova;74
Helin;74
Ronya;74
Rosalina;74
Simona;74
Ariela;74
Signhild;74
Lilianna;74
Vivianne;74
Constance;74
Silla;74
Dalia;74
Eva-Stina;74
Marléne;74
Nemi;73
Elaine;73
Anni-Kaisa;73
Le;73
Ingemo;73
Minessa;73
Una;73
Aino-Liisa;73
Aino-Sofia;73
Liisa-Maija;73
Yasmina;73
Riitu;73
Sarika;73
Gia;73
Eva-Lisa;72
Anki;72
Trang;72
Valvikki;72
Jeanne;72
Aleksantra;72
Asha;72
Helmi-Maria;72
Jenni-Mari;72
Alexina;72
Angervo;72
Matilde;72
Annemarie;72
Cara;72
Raakkel;71
Lan;71
Catalina;71
Hamdi;71
Kariina;71
Tarina;71
Kamomilla;71
Kirsi-Mari;71
Venni;71
Lene;71
Niina-Maria;71
Maijaliisa;71
Niini;71
Hodan;71
Renée;71
Andréa;71
Elli-Maria;71
Ros-Marie;70
Irma-Liisa;70
Serina;70
Cristine;70
Elli-Maija;70
Inka-Maria;70
Magda;70
Sirena;70
Sini-Maaria;70
Marjo-Liisa;70
Anastassia;70
Leena-Maria;70
Villiina;70
Aleksandrovna;70
Tiiti;70
Etti;70
Mi;70
Anu-Riikka;70
Maren;69
Leonie;69
Eloisa;69
Tiila;69
Katia;69
Halima;69
Anna-Riina;69
June;69
Kersti;69
Leanna;69
Sipriina;69
Nelle;69
Lise-Lott;69
Sanna-Riikka;69
Aana;69
Mindi;68
Vanja;68
Riina-Maria;68
Jonna-Maria;68
Annimari;68
Juanita;68
Priitta;68
Rosalinda;68
Nhi;68
Veea;68
Eda;68
Daalia;68
Brigitte;68
Birit;68
Elliida;68
Sikuriina;68
Lana;67
Aino-Elina;67
Merituulia;67
Tiana;67
Freija;67
Anuliina;67
Noora-Maria;67
Melita;67
Eeva-Mari;67
Hetti;67
Chantal;67
Leena-Marja;67
Emmi-Sofia;67
Marwa;66
Eleonor;66
Nimo;66
Anna-Maarit;66
Meerit;66
Jessina;66
Jannike;66
Miljaana;66
Stefania;66
Meryem;66
Huda;66
Maritsa;66
Anya;66
Valentiina;66
Ullamaija;65
Kaisli;65
Aliise;65
Ismail;65
Birkitta;65
Sanne;65
Meritta;65
Katarine;65
Aleksina;65
Esra;65
Neve;65
Pekantytär;65
Asteri;65
Muusa;65
Wanda;65
Ying;64
Marjo-Riikka;64
Maileena;64
Soja;64
Tiffany;64
Taava;64
Liidia;64
Katri-Maria;64
Annaliina;64
Anneliina;64
Venja;64
Juulianna;64
Hanna-Maaria;64
Jessiina;64
Iiri;63
Liza;63
Uma;63
Leija;63
Silpa;63
Vladimirovna;63
Isra;63
Siiri-Sofia;63
Milla-Maaria;63
Van;63
Jenica;63
Kristella;63
Angeliina;63
Hanna-Maarit;63
Adanna;63
Naima;63
Thyra;63
Silmu;62
Seija-Riitta;62
Milla-Mari;62
Minna-Maaria;62
Hélène;62
Pelagia;62
Ancela;62
Marjana;62
Jama;62
Anna-Katriina;62
Malvina;62
María;62
Sarri;62
Juli;62
Brianna;62
Ulla-Stina;62
Greeta;62
Kikka;61
Tova;61
Lianna;61
Solbritt;61
Tuua;61
Chatarina;61
Lolan;61
Eva-Lotta;61
Veera-Maria;61
Nathalia;61
Jenna-Mari;61
Annariikka;61
Albina;61
Kylli;61
Onnia;61
Tehilla;61
Kelly;61
Ella-Noora;61
Varvara;61
Sanniina;61
Margarete;61
Naimi;61
Yen;61
Satu-Sinikka;61
Suleima;61
Theodora;61
Tarja-Riitta;61
Suvi-Päivi;61
Pirja;60
Maare;60
Adèle;60
Ayla;60
Gea;60
Misa;60
Elanor;60
Torborg;60
Miilia;60
Edda;60
Penni;60
Layla;60
Emmaliina;60
Vivien;60
Miia-Mari;60
Martiina;60
Adelaide;60
Markontytär;60
Soma;59
Anastasija;59
Mari-Johanna;59
Viktoriina;59
Liisu;59
Ella-Mari;59
Kateriina;59
Kitta;59
Mildrid;59
Pia-Liisa;59
Ulla-Riikka;59
Franziska;59
Erja-Liisa;59
Tanita;59
May-Britt;59
Anni-Elina;59
Roza;58
Suvi-Marja;58
Anu-Maarit;58
Bertha;58
Eerica;58
Arintytär;58
Sievä;58
Menna;58
Riikka-Leena;58
Scarlett;58
Titti;58
Renee;58
Aisla;58
Immi;58
Tarja-Tuulikki;58
Madelein;58
Viona;58
Karenina;58
Awa;58
Katja-Maria;58
Arna;58
Tonja;58
Corinna;58
Debora;58
Kaiju;58
Hilla-Maria;58
Tuula-Riitta;58
Anni-Maija;58
Päivänsäde;58
Birgetta;58
Marilyn;57
Kaisa-Maija;57
Sheila;57
Alica;57
Diane;57
Georgina;57
Mariatta;57
Marine;57
Najma;57
Kirsti-Liisa;57
Weera;57
Eleena;57
Minéa;57
Luise;57
Mai-Lis;57
Ruby;57
Inessa;57
Tuomi;57
Sue;57
Heinikki;57
Maija-Kaisa;57
Aivi;57
Ellinora;56
Aya;56
Sisko-Liisa;56
Susana;56
Ella-Sofia;56
Lioubov;56
Delila;56
Janella;56
Varma;56
Nelia;56
Beatriz;56
Safiya;56
Eevamaria;56
Petrintytär;56
Taisia;56
Minna-Maija;56
Fredrica;56
Mariikka;55
Anna-Kaija;55
Fiinu;55
Kaisu-Leena;55
Aada-Maria;55
Manja;55
Lin;55
Anu-Maria;55
Emilla;55
Alia;55
Jada;55
Ada-Sofia;55
Emmi-Maria;55
Aimi;55
Amilia;55
Helpi;55
Maryama;55
Hope;55
Beea;55
Veela;55
Milea;55
Madeline;55
Joyce;55
Mili;55
Villentytär;55
Sari-Anna;54
Tiitta;54
Ciara;54
Medina;54
Hannamaria;54
Anna-Reeta;54
Rae;54
Tuva;54
Ingvor;54
Ida-Lotta;54
Pihlaja;54
Elmiira;54
Jussintytär;54
Meh;54
Dolly;54
Hanne-Maria;54
Désirée;54
Del;54
Desireé;54
Käthe;54
Rahma;54
Elvina;53
Gunlis;53
Tuija-Liisa;53
Anne-Liisa;53
Megan;53
Merle;53
Maaren;53
Penelope;53
Marjo-Leena;53
Adaliina;53
Yan;53
Dorothy;53
Heili;53
Abdirashid;53
Evena;53
Laura-Kaisa;53
Alba;53
Dahlia;53
Mimmu;53
Eevaleena;53
Siro;53
Marjorie;53
Sanni-Maria;52
Emelina;52
Saana-Maria;52
Maaretta;52
Mariama;52
Ayaan;52
Amalie;52
Nhu;52
Nadezhda;52
Elsa-Maria;52
Zinaida;52
Ainomaija;52
Rosemarie;52
Marla;52
Aylin;52
Carol;52
Birgitte;52
Nika;52
Christiane;52
Riitta-Sisko;52
Metta;52
Quynh;52
Essi-Maria;52
Markareetta;52
Sofiina;52
Riikka-Mari;52
Tinna;51
Vilda;51
Annami;51
Milia;51
Shukri;51
Eedith;51
Ida-Emilia;51
Vivica;51
Khadra;51
Madelen;51
Sanni-Mari;51
Eline;51
Beada;51
Keijukka;51
Marjaterttu;51
Ellanoora;51
Teodora;51
Nelli-Noora;51
Kukkamaaria;51
Ann-Maria;50
Celinda;50
Sigbritt;50
Ancelika;50
Ashley;50
Madelaine;50
Mahamud;50
April;50
Lilla;50
Dania;50
Vida;50
Halimo;50
Bich;50
Mesi;50
Faina;50
Velma;50
Malak;50
Hanan;50
Heldine;50
Niki;50
Kuura;50
Sirkku-Liisa;50
Eva-Marie;49
Siw;49
Reetta-Liisa;49
Joana;49
Maissi;49
Tuula-Anneli;49
Metti;49
Anett;49
Lizette;49
Anna-Katri;49
Melis;49
Noelia;49
Pia-Mari;49
Ami;49
Sahar;49
Esme;49
Miska;49
Outi-Maria;49
Eeva-Kristiina;49
Tuuni;49
Ninette;49
Berfin;49
Henriksdotter;49
Britt-Louise;49
Johanne;49
Maxine;49
Rosanne;49
Shirin;49
Tuutikki;49
Wendy;49
Sävy;48
Anne-Charlotte;48
Priita;48
Peppilotta;48
Jenny-Maria;48
Malika;48
Ulla-Brita;48
Olena;48
Otteliaana;48
Irkka;48
Demi;48
Terése;48
Wilda;48
Evin;48
Janiika;48
Kristen;48
Roosa-Maaria;48
Ailakki;48
Raakkeli;48
Jinna;48
Oona-Maria;48
Zeynep;48
Junia;48
Markuntytär;48
Ifrah;48
Gita;48
Esma;48
Jaakontytär;47
Karolin;47
Nasti;47
Faith;47
Alison;47
Viviann;47
Sanna-Maaria;47
Alejandra;47
Aden;47
Ada-Maria;47
Chelsea;47
Neilikka;47
Katju;47
Mare;47
Seita;47
Jonna-Mari;47
Sannakaisa;47
Gunni;47
Vesta;47
Lisa-Maria;47
Ainomaria;47
Taira;47
Elsbeth;47
Darling;47
Heini-Maria;47
Mirabella;47
Hoang;47
Sibel;47
Annabelle;47
Beatrix;47
Mindy;47
Gundel;47
Vega;47
Noemi;46
Elisi;46
Jenna-Julia;46
Marcella;46
Talvi;46
Nga;46
Anissa;46
Mariko;46
Delia;46
Hannamaija;46
Valpu;46
Linéa;46
Indira;46
Ayse;46
Mariza;46
Odelia;46
Noa;46
Aire;46
Tella;46
Dea;46
Anja-Leena;46
Safa;46
Emma-Maria;46
Chloé;46
Eileen;46
Muru;45
Vy;45
Audrey;45
Ninnu;45
Saara-Maija;45
Marget;45
Michele;45
Julija;45
Lykke;45
Henna-Leena;45
Suna;45
Roberta;45
Azra;45
Janice;45
Aino-Inkeri;45
Enia;45
Aniela;45
Eeda;45
Lorena;45
Viktorina;45
Piia-Maria;45
Eija-Sinikka;45
Anniliina;45
Arnevi;45
Anne-Marjut;44
Natascha;44
Ly;44
Dorita;44
Camille;44
Kay;44
Liila;44
Wiola;44
Abukar;44
Inge-Britt;44
Gunbritt;44
Snöfrid;44
Wellamo;44
Kesia;44
Rinja;44
Gladys;44
Jaanika;44
Ailiina;44
Ulla-Leena;44
Yana;44
Marja-Elina;44
Athena;44
Tupuna;44
Frideborg;44
Sissel;44
Erina;43
Eja;43
Anjuska;43
Carlotta;43
Wiivi;43
Minne;43
Sinella;43
Lida;43
Verena;43
Uni;43
Minna-Riikka;43
Annimaria;43
Adna;43
Hanna-Elina;43
Henna-Kaisa;43
Riitta-Kaisa;43
Bashir;43
Sargit;43
Else-May;43
Rosemary;43
Violeta;43
Eleonore;43
Vilma-Lotta;43
Monique;43
Esteriina;43
Kaiho;43
Bahar;43
Mikaelsdotter;43
Veena;43
Hana;43
Ailikki;43
Kirsi-Maaria;43
Anne-Christine;43
Repekka;43
Milja-Maria;43
Gunveig;43
Ania;43
Senia;43
Dahir;43
Jeni;43
Malou;42
Lotten;42
Fatou;42
Fransilia;42
Camila;42
Brenda;42
Jael;42
Anni-Emilia;42
Aslög;42
Piret;42
Vineta;42
Hetta;42
Brigitta;42
Céline;42
Helfrid;42
Ellamari;42
Harrintytär;42
Lolita;42
Matlena;42
Melia;42
Briita;42
Venna;42
Zhanna;42
Mia-Mari;42
Dilara;42
Kea;42
Alfrida;42
Mary-Anne;42
Agnete;42
Leena-Kaarina;42
Krista-Maria;42
Katie;42
Mira-Maria;42
Eili;42
Anne-Kaarina;42
Mariah;42
Ling;42
Abdirizak;42
Kayla;42
Idamaria;42
Zoja;42
Sundus;42
Tiia-Riikka;42
Sini-Tuuli;42
Marja-Kristiina;41
Ilo;41
Eena;41
Merette;41
Lisa-Marie;41
Fransiska;41
Marlén;41
Maija-Stiina;41
Vesantytär;41
Lydmila;41
Hawa;41
Sari-Maarit;41
Tuulianna;41
Miia-Marika;41
Hannaliisa;41
Ella-Maija;41
Hanna-Marja;41
Elenor;41
Jannentytär;41
Adelle;41
Sivia;41
Helianna;41
Pia-Riitta;41
Marge;41
Ulla-Kaisa;41
Zahraa;41
Andersdotter;41
Katjuska;41
Satu-Sisko;41
Karpalo;41
Loan;41
Mairit;41
Hang;41
Oline;41
Anu-Liisa;40
Anni-Leena;40
Mari-Leena;40
Aula;40
Idun;40
Sadia;40
Beate;40
Hoa;40
Mari-Louise;40
Alfa;40
Iida-Emilia;40
Seena;40
Bao;40
Onna;40
Josefia;40
Sadetta;40
Aaria;40
Sirpa-Leena;40
Nour;40
Adan;40
Tam;40
Tiina-Marja;40
Nasra;40
Erja-Riitta;40
Miija;40
Serafima;40
Tiia-Riina;40
Tuija-Leena;40
Maria-Helena;40
Nan;39
Jasna;39
An;39
Telle;39
Marjoriitta;39
Alexis;39
Ela;39
Hawo;39
Saara-Kaisa;39
Pia-Kristiina;39
Henna-Maija;39
Eetla;39
Svanhild;39
Frederika;39
Majlen;39
Sanni-Sofia;39
Inga-Liisa;39
Anaïs;39
Eva-Maija;39
Pi;39
Melida;39
Emmelie;39
Sickan;39
Sini-Marja;39
Effi;39
Iida-Lotta;39
India;39
Yusra;39
Hanh;39
Huyen;39
Kirta;39
Eija-Inkeri;39
Pomeliina;39
Eloise;39
Carolyn;39
Emma-Kaisa;39
Lavinia;39
Roosa-Mari;39
Iida-Maija;39
Iida-Liisa;39
Eunice;39
Madicken;39
Lovis;39
Nenne;39
Ciia;39
Farida;39
Aleksa;39
Margaretta;39
Sini-Maarit;39
Iona;39
Aada-Sofia;39
Samintytär;38
Aster;38
Sagal;38
Marcela;38
Leena-Mari;38
Rimma;38
Philippa;38
Tintti;38
Malgorzata;38
Minnie;38
Tiia-Tuulia;38
Ditte;38
Shirley;38
Viktorovna;38
Suvi-Tuulikki;38
Francisca;38
Erja-Leena;38
Apollonia;38
Saranda;38
Ariella;38
Katalin;38
Johansdotter;38
Saija-Leena;38
Hilkka-Maija;38
Enneli;38
Karima;38
Amiira;38
Vivienne;38
Tuuli-Maaria;38
Nikki;38
Mirja-Riitta;38
Gun-Marie;38
Viivi-Maria;38
Ilkantytär;38
Madleena;38
Marjuska;38
Paulette;38
Iro;38
Solina;38
Mandy;38
Manteli;38
Ragnborg;38
Emma-Liisa;37
Annmarie;37
Raquel;37
Natja;37
Farhia;37
Helky;37
Nguyen;37
Rosamaria;37
Nicoletta;37
Maarja;37
Safiira;37
Katharine;37
Aija-Leena;37
Eyvor;37
Gun-May;37
Anne-Marika;37
Vea;37
Kitte;37
Isolde;37
Hippu;37
Einikki;37
Rana;37
Melike;37
Eeva-Sisko;37
Eva-Kaarina;37
Iidamaria;37
Amber;37
Kerttu-Liisa;37
Heli-Maria;37
Emma-Leena;37
Neonilla;37
Dung;37
Mairi;37
Krisse;37
Gun-Viol;37
Malaika;37
Christiana;37
Sinaida;37
Valo;37
Ollintytär;37
Ivy;37
Tilla;37
Rosi;37
Maj-Brit;37
Cecilie;37
Tilta;37
Mette-Maria;37
Fatemeh;37
Meena;37
Alisha;37
Ulla-Maarit;37
Mertta;37
Ama;36
Nasrin;36
Larsdotter;36
Catariina;36
Anu-Mari;36
Elmira;36
Majbritt;36
Priska;36
Ivanovna;36
Illuusia;36
Erikka;36
Sarai;36
Helmi-Sofia;36
Margitha;36
Nguyet;36
Marle;36
Esantytär;36
Sania;36
Britt-Inger;36
Mai-Britt;36
Rosa-Marie;36
Eevamaija;36
Roosamari;36
Markitta;36
Damaris;36
Kaste-Helmi;36
Kiisa;36
Aksiina;36
Saara-Liisa;36
Riitta-Maria;36
Isella;36
Hannemari;36
Alana;36
Edina;36
Aino-Emilia;36
Agnetha;36
Anna-Marie;36
Saara-Sofia;36
Alexiina;36
Effia;36
Biritta;36
Fardowsa;36
Elene;36
Anne-Maaret;36
Salka;36
Martine;36
Ruuth;36
Minta;36
Norah;36
Viktoriya;36
Erkintytär;36
Suvituulia;36
Jenifer;36
Leonore;36
Tyyra;36
Ristontytär;36
Malina;36
Franciska;36
Ellimaija;36
Annel;35
Kathryn;35
Katy;35
Inga-Lis;35
Dilan;35
Siham;35
Marleen;35
Inge-May;35
Titi;35
Naemi;35
Soini;35
Lucina;35
Darina;35
Reetta-Leena;35
Safina;35
Ulla-Kaarina;35
Iraida;35
Eugenie;35
Hanna-Riina;35
Marja-Lea;35
Maria-Sofia;35
Petrina;35
Airiina;35
Ellamaria;35
Aria;35
Adelé;35
Katya;35
Marike;35
Geraldine;35
Teija-Liisa;35
Kamila;35
Anna-Pauliina;35
Sirkkaliisa;35
Mohammad;35
Suvi-Maarit;35
Dawn;35
Sana;35
Ulla-Liisa;35
Minnaliisa;35
Ulla-Britta;35
Anna-Julia;35
Merve;35
Isela;35
Tuttu;35
Smilla;35
Hazel;35
Asmaa;35
Linda-Marie;35
Ullamari;35
Emilija;35
Mireille;35
Margherita;35
Iqra;35
Chanel;35
Deniz;35
Yael;35
Neda;34
Nomi;34
Inga-Maria;34
Agafia;34
Ann-Nina;34
Fransina;34
Helny;34
Jertta;34
Habiba;34
Natacha;34
Els-Maj;34
Adelie;34
Anu-Leena;34
Anilla;34
Mirela;34
Lucie;34
Hanna-Sofia;34
Meri-Helmi;34
Suvianna;34
Iida-Mari;34
Seija-Leena;34
Josetta;34
Ngan;34
Jaana-Maria;34
Enniina;34
Tuomaantytär;34
Annemaria;34
Jarita;34
Jeena;34
Kimberly;34
Enni-Maria;34
Tapiontytär;34
Samia;34
Kristiine;34
Lien;34
Kirsi-Leena;34
Sanna-Marja;34
Rode;34
Lis-Marie;34
Faisa;34
Reetta-Kaisa;34
Molla;34
Inca;34
Maija-Sisko;34
Jelina;34
Reetta-Maria;34
Eevakaisa;34
Dominique;34
Tessaliina;33
Mariliina;33
Jounintytär;33
Mari-Susanna;33
Antonella;33
Ioulia;33
Kuu;33
Kaisi;33
Madison;33
Eva-Lena;33
Agnieszka;33
Sulamit;33
Wiktoria;33
Anna-Kristina;33
Neena;33
Marja-Anneli;33
Merikukka;33
Bushra;33
Lumilla;33
Caitlin;33
Kiia-Maria;33
Hilja-Maria;33
Abbas;33
Leena-Sisko;33
Marjariitta;33
Annasofia;33
Cynthia;33
Marella;33
Eeva-Riikka;33
Henna-Maaria;33
Omena;33
Truc;33
Lumianna;33
Sannamaija;33
Elizabet;33
Alda;33
Liivia;33
Arianne;33
Derya;33
Sasha;33
Tiiamari;33
Leena-Riitta;33
Aliida;33
Sirppa;33
Natasia;33
Fay;33
Anna-Bella;33
Nyyti;33
Yu;33
Leontine;33
Helmina;33
Catrina;33
Anne-Maaria;33
Marleene;33
Ksenija;33
Xuan;33
Seija-Sisko;32
Ing-Britt;32
Giulia;32
Miretta;32
Saba;32
Anne-Mai;32
Nasro;32
Emi;32
Unikko;32
Gisella;32
Linnèa;32
Sanna-Riitta;32
Lilija;32
Hiba;32
Nhung;32
Adelea;32
Mimma;32
Nikolaevna;32
Arabella;32
Jing;32
Pippa;32
Arwen;32
Wivi;32
Annemi;32
Samsam;32
Amani;32
Ellevi;32
Liilia;32
Laura-Maija;32
Abdullah;32
Kia-Maria;32
Heather;32
Adeleine;32
Catherina;32
Nisa;32
Nicolette;32
Petra-Maria;32
Zofia;32
Maggie;32
Tuomontytär;32
Eiri;31
Shannon;31
Sini-Sofia;31
Nila;31
Aino-Marja;31
Nicoline;31
Kathy;31
Gunvi;31
Hatice;31
Maida;31
Irén;31
Ubah;31
Lumimarja;31
Oliwia;31
Maria-Riitta;31
De;31
Valentine;31
Rashid;31
Aino-Mari;31
Roxana;31
Melodia;31
Ann-May;31
Gaia;31
Henna-Riitta;31
Anne-Helena;31
Anne-Leena;31
Sallamaria;31
Ulfsdotter;31
Leigh;31
Yvette;31
Aureelia;31
Sandy;31
Wambui;31
Tiina-Leena;31
Elke;31
Leandra;31
Tuuve;31
Trine;31
Reina;31
Fernanda;31
Diem;31
Marsa;31
Natasa;31
Elza;31
Ann-Catrine;31
Lounatuuli;31
Skye;31
Ida-Mari;31
Margret;31
Ai;31
Mirigli;31
Martintytär;31
Sari-Susanna;31
Zelda;31
Aukusta;31
Rebeca;31
Elvia;31
Sini-Vuokko;31
Helina;31
Abdifatah;31
Beerit;31
Jiina;31
Natalija;31
Chi;31
Adine;31
Taru-Tuulia;31
Sini-Pilvi;31
Aviva;31
Lis;30
Mari-Annika;30
Avilla;30
Silja-Maria;30
Arma;30
Majken;30
Riitta-Marja;30
Tiija;30
Heliä;30
Ene;30
Kara;30
Damla;30
Aiju;30
Hibo;30
Neera;30
Sanna-Marika;30
Ilham;30
Jessie;30
Terontytär;30
Mustafa;30
Jerika;30
Björnsdotter;30
Hailey;30
Tahiti;30
Piita;30
Liz;30
Aretta;30
Aalia;30
Sariina;30
Senny;30
Axelina;30
Seila;30
Eeva-Helena;30
Suzanna;30
Kieu;30
Madina;30
Janitta;30
Anab;30
Jenni-Johanna;30
Anni-Helena;30
Marjo-Kaisa;30
Novalie;30
Laurintytär;30
Tatyana;30
Leena-Marjatta;30
Ann-Cathrine;30
Ramla;30
Elviina;30
Sannamaria;30
Maija-Kaarina;30
Kaja;30
Merilla;30
Iryna;30
Cira;30
Idil;30
Sabrin;30
Sannukka;30
Seea;30
Tuikku;30
Piatta;30
Anne-Maritta;30
Ripsa;30
Lilja-Maria;30
Otteliana;30
Eila-Maija;30
Mahad;30
Annalisa;30
Tetti;30
Halina;30
Eeva-Lotta;29
Runo;29
Kathrin;29
Athene;29
Poppy;29
Izabelle;29
Jemilia;29
Augustiina;29
Aino-Leena;29
Sirkka-Maija;29
Nikola;29
Giovanna;29
Najmo;29
Osmi;29
Jamal;29
Perla;29
Merihelmi;29
del;29
Hanne-Maarit;29
Tuana;29
Eliida;29
Emmi-Kaisa;29
Venla-Maria;29
Athina;29
Blondine;29
Susannah;29
Amadea;29
Alfhilda;29
Annariitta;29
Riia-Maria;29
Silve;29
Wanjiru;29
Emmie;29
Pasintytär;29
Nikolajevna;29
Kariitta;29
Chris;29
Anna-Tuulia;29
Nikolina;29
Lumi-Kukka;29
Annabell;29
Tiinamari;29
Milla-Riina;29
Crystal;29
Salad;29
Noella;29
Saranna;29
Janna-Mari;29
Lotta-Mari;29
Leone;29
Leticia;29
Kasmira;29
Henna-Riina;29
Marisanna;29
Marie-Christine;29
Suvi-Elina;29
Wanjiku;29
Viviane;29
Mayvor;29
Tulikki;29
Melise;29
Nawal;29
Noora-Emilia;29
Jasmiin;29
Jonna-Riikka;29
Teressa;29
Auvikki;29
Ragna;29
Artontytär;29
Rayan;29
Katarzyna;29
Nea-Sofia;28
Kesäheinä;28
Elen;28
Irini;28
Elisaveta;28
Taisa;28
Ivana;28
Lejla;28
Michela;28
Alevtina;28
Pilvi-Sisko;28
Princess;28
Anna-Liina;28
Helea;28
Lilya;28
Dunia;28
Rayaan;28
Anna-Brita;28
Ull-Britt;28
Miina-Maria;28
Aninka;28
Georgia;28
Retriika;28
Mariya;28
Adea;28
Iinu;28
Garita;28
Amie;28
Giselle;28
Berith;28
Taikatuuli;28
Miia-Liisa;28
Carelia;28
Wei;28
Iren;28
Rose-May;28
Hannelore;28
Luz;28
Mária;28
Evie;28
Cristel;28
Jonina;28
Henrita;28
Päivi-Sisko;28
Katja-Leena;28
Anabel;28
Hermine;28
Jenna-Riikka;28
Suleiman;28
Ülle;28
Suad;28
Priya;28
Sannaleena;28
Ninetta;28
Aniina;28
Heli-Marja;28
Hilla-Maaria;28
Solange;28
Kathrine;28
Ameliina;28
Jansdotter;28
Ariane;28
Janintytär;28
Ing-Mari;28
Rabia;28
Tähkä;28
Catharine;28
Sol;28
Viima;28
Anna-Leea;28
Hannariikka;28
Eerontytär;28
Ellimaria;28
Evia;28
Jurjevna;28
Silvana;28
Saili;28
Millie;28
Yee;27
Iija;27
Joline;27
Henna-Liisa;27
Thérèse;27
Salla-Maija;27
Adelein;27
Meya;27
Musse;27
Janelle;27
Miia-Riikka;27
Utu;27
Lissu;27
Retriikka;27
Villa;27
Anna-Lea;27
Sabriina;27
Salama;27
Sylvie;27
Ingemaj;27
Iidaliina;27
Bibi;27
Kotivalo;27
Maj-Gun;27
Mimoza;27
Ella-Maaria;27
Samiira;27
Kalla;27
Liliane;27
Piretta;27
Mariet;27
Auriina;27
Sofija;27
Lumi-Maria;27
Elfrida;27
Edona;27
Emiliina;27
Siiri-Maria;27
Su;27
Varpu-Leena;27
Jevgenia;27
Ada-Emilia;27
Raissa;27
Binta;27
Almiina;27
Lis-Britt;27
Lis-Mari;27
Anatoljevna;27
Rihanna;27
Luiza;27
Aile;27
Mia-Marika;27
Leanne;27
Toivi;27
Hetastiina;27
Tupu;27
Emmi-Noora;27
Petersdotter;27
Saina;27
Lynne;27
Suzana;27
Zohra;27
Sindi;27
Wilhelmine;27
Cam;27
Tommintytär;27
Isse;27
Ida-Marie;27
Tutteli;27
Vanda;27
Josette;27
Zenita;27
Riikka-Maija;27
Kimmontytär;27
Kirsi-Marjut;27
Leenu;27
Lilith;27
Venus;27
Raija-Riitta;27
Leonoora;27
Otteljaana;27
Faisal;27
Anu-Kaisa;27
Tu;27
Elektra;27
Yuliya;27
Hennamari;27
Viivia;27
Pipa;27
Meriem;27
Bent;26
Shamso;26
Seynab;26
Tuija-Riitta;26
Teemuntytär;26
Suvi-Anna;26
Elli-Sofia;26
Minna-Marika;26
Anastaasia;26
Muna;26
Danica;26
Lumi-Tuuli;26
Thilde;26
Lotta-Emilia;26
Ifeoma;26
Ros-Maj;26
Léa;26
Saria;26
Alfiina;26
Henna-Maarit;26
Lii;26
Roosamaria;26
Jella;26
Hanna-Kaarina;26
Blanka;26
Annamaaria;26
Antoniina;26
Myriam;26
Minnamaria;26
Holly;26
Gullevi;26
Taiju;26
Lusiina;26
Satu-Johanna;26
Xin;26
Amaya;26
Sätene;26
Sidonia;26
Sima;26
Olka;26
Silke;26
Kiki;26
Lucinda;26
Aronia;26
Tari;26
Sabah;26
Moira;26
Aurea;26
Carine;26
Khanh;26
Saara-Leena;26
Aasa;26
Ann-Katrine;26
Astri;26
Warda;26
Lise-Maj;26
Eelia;26
Siv-Britt;26
Karine;26
Metsätähti;26
Mustikka;26
Anni-Lotta;26
Milla-Emilia;26
Gullan;26
Anna-Katarina;26
Taini;26
Hua;26
Pihla-Maria;26
Päivi-Maria;26
Market;26
Sakura;26
Abdul;26
Ila;26
Marjale;26
Lotta-Maaria;26
Maretta;26
Teiju;26
Marusja;26
Njeri;26
Vi;26
Joséphine;26
Kristi;26
Chau;26
Charlene;26
Edvina;26
Minna-Kristiina;26
Torhild;26
Fatema;26
Iivi;26
Sirius;26
Maijaleena;26
Eloni;26
Faye;26
Aksa;26
Nura;26
Salina;26
Kirsimaria;26
Annareetta;26
Adile;26
Luciana;25
Tasnim;25
Tiara;25
Satu-Susanna;25
Anna-Elisa;25
Jia;25
Lena-Maria;25
Zehra;25
Angeli;25
Hue;25
Evangeline;25
Hai;25
Laura-Emilia;25
Mari-Jaana;25
Sharif;25
Vasilisa;25
Zanna;25
Muska;25
Suvi-Sisko;25
Riittaliisa;25
Anu-Maija;25
Christal;25
Donya;25
Meriel;25
Beatta;25
Adam;25
Donia;25
Mikael;25
Néa;25
Petriikka;25
Jalmiina;25
Maryanne;25
Heli-Maarit;25
Aija-Liisa;25
Amaal;25
Jarkontytär;25
Melika;25
Hasan;25
Myrsky;25
Selia;25
Elona;25
Lotta-Sofia;25
Pia-Sofia;25
Marja-Maija;25
Emmanuelle;25
Lo;25
Ira-Maria;25
Kaisaleena;25
Tulikukka;25
Rosmariini;25
Josephina;25
Nanja;25
Lill;25
Ayda;25
Jarmontytär;25
Kassandra;25
Anna-Erika;25
Mahmoud;25
Jerina;25
Dinah;25
Saritta;25
Sirpa-Riitta;25
Eulalia;25
Theres;25
Thien;25
Titta-Maria;25
Jamilla;25
Pia-Leena;25
Marisol;25
Adrienne;25
Hajar;25
Ainokaisa;25
Anja-Kaarina;25
Ann-Sophie;25
Mari-Ella;25
Amilda;25
Kirsi-Maija;25
Mari-Elina;25
Apila;25
Anja-Maija;25
Jolie;25
Lidija;25
Nimco;25
Shahla;25
Phoebe;25
Keira;25
Elli-Mari;25
Nataliya;24
Kumari;24
Tiltu;24
Mahdi;24
Mihailovna;24
Ahmad;24
Mirjaana;24
Militsa;24
Febe;24
Maija-Helena;24
Aziza;24
Virpi-Liisa;24
Nadeschda;24
Madonna;24
Shanti;24
Laure;24
Prisilla;24
Florentina;24
Selda;24
Eevamari;24
Tiinu;24
Munira;24
Liban;24
Uljana;24
Esikko;24
Maribel;24
Akintytär;24
Mari-Kaisa;24
Vasiljevna;24
Zina;24
Hilda-Maria;24
Sasa;24
Maira;24
Han;24
Iliana;24
Liina-Lotta;24
Faduma;24
Aziz;24
Aure;24
Cariina;24
Emila;24
Maliina;24
Nani;24
Tran;24
Marjam;24
May-Len;24
Jennimari;24
Dunja;24
Ivanova;24
Alona;24
Nina-Mari;24
Tuula-Maria;24
Urda;24
Elisia;24
Cathrin;24
Grete;24
Allegra;24
Emma-Liina;24
Iselin;24
Blanca;24
Markuksentytär;24
Ulrike;24
Love;24
Aminata;24
Trinh;24
Marjeli;24
Eedi;24
Naana;24
Nele;24
Edel;24
Aileen;24
Mona-Maria;24
Shani;24
Ikram;24
Amrita;24
Brita-Liisa;24
Agnia;24
Carissa;24
Taika-Tuulia;24
Juno;24
Silje;24
Anju;24
Susette;24
Anahita;24
Enne-Liisa;24
Aimee;24
Ming;24
Ernestine;24
Ariadne;23
Paula-Maria;23
Gull-Britt;23
Jaana-Maarit;23
Akviliina;23
Rahmo;23
Hien;23
Niina-Mari;23
Isa-Maria;23
Meini;23
Mari-Helena;23
Isobel;23
Sunneva;23
Farina;23
Dimitra;23
Sisko-Maria;23
Tien;23
Tabita;23
Inka-Riina;23
Aino-Ilona;23
Lotta-Liisa;23
Bernadette;23
Clare;23
Kaarna;23
Ayesha;23
Myrna;23
Khalid;23
Juhontytär;23
Iana;23
Kevät;23
Ida-Kaisa;23
Pettiina;23
Anais;23
Ija;23
Nida;23
Rosmari;23
Nelli-Maria;23
Leenamaija;23
Mereta;23
Adonika;23
Airikki;23
Yang;23
Kendra;23
Rani;23
Faadumo;23
Salah;23
Fei;23
Hoda;23
Enid;23
Lumo;23
Syrilla;23
Gun-Mari;23
Sohvia;23
Borisovna;23
Päivi-Helena;23
Triin;23
Nuur;23
Oanh;23
Anna-Kreetta;23
Abdulle;23
Marutzella;23
Esperanza;23
Abdikarin;23
Lei;23
Yara;23
Izabel;23
Anuliisa;23
Sirin;23
Otilia;23
Shania;23
Nabila;23
Luana;23
Miia-Maaria;23
Agnesa;23
Emmaleena;23
Kati-Maria;23
Britt-Maj;23
Phung;23
Pia-Pauliina;23
Karissa;23
Amelié;23
Selin;23
Liisamaija;23
Loretta;23
Krystyna;23
Kuutar;23
Hanaan;23
Hildi;23
Angeline;23
Cécile;23
Maria-Terttu;22
Ulla-Kaija;22
Anselika;22
Ainoliisa;22
Linda-Mari;22
Fartun;22
Kati-Johanna;22
Katherina;22
Anne-Elina;22
Minna-Marja;22
Malle;22
Karlotta;22
Karmen;22
Wairimu;22
Ellimari;22
Aleksandria;22
Patrizia;22
Thilda;22
Mysi;22
Rosario;22
Iina-Sofia;22
Sari-Anneli;22
Alesia;22
Amine;22
Axa;22
Ann-Sofia;22
Pia-Maarit;22
Riina-Maija;22
Petrovna;22
Reetta-Maija;22
Inga-Maj;22
Danuta;22
Louice;22
Rebekah;22
Jaana-Liisa;22
Sinituuli;22
Annelise;22
Tanja-Maria;22
Olga-Maria;22
Maris;22
Ruu;22
Nasteho;22
Eija-Maija;22
Mari-Liisa;22
Sihaam;22
Piia-Riitta;22
Mariija;22
Marijaana;22
Gilda;22
Sunniva;22
Yi;22
Freyja;22
Elinda;22
Nahid;22
Artemis;22
Ranghild;22
Satu-Helena;22
Tuila;22
Ihana;22
Jin;22
Laura-Elina;22
Serja;22
Alberta;22
Lourdes;22
Oodi;22
Anni-Maj;22
Risten;22
Maija-Reetta;22
Zamzam;22
Pinja-Maria;22
Aleyna;22
Hedwig;22
Wai;22
Adel;22
Kaariina;22
Rose-Mari;22
Merilin;22
Min;22
Eva-Mari;22
Anja-Maria;22
Ida-Maija;22
Salman;22
de;22
Khaled;22
Heli-Maija;22
Jekateriina;22
Iida-Liina;22
Sonja-Maria;22
Clarisse;22
Eliisabeth;22
Heline;22
Chioma;22
Neta;22
Päivätär;22
Vicky;22
Mansikka;22
Coco;22
Maja-Lisa;22
Rosie;22
Liisa-Mari;22
Sepontytär;22
Cristin;22
Weronika;22
Emmi-Julia;22
Jenni-Kaisa;22
Liine;22
Roosa-Emilia;22
Reet;22
Anriikka;22
Htoo;22
Katja-Mari;22
Cheryl;22
Jadeliina;22
Nellinoora;22
Laia;22
Maiju-Leena;22
Xiao;22
Anna-Sisko;21
Piia-Pauliina;21
Aliyah;21
Miikantytär;21
Ann-Caroline;21
Olesya;21
Annevi;21
Desideria;21
Asli;21
Wilja;21
Aaliyah;21
Nea-Noora;21
Niika;21
Man;21
Sanny;21
Emeline;21
Alea;21
Iina-Emilia;21
Lorin;21
Birthe;21
Roya;21
Miia-Maarit;21
Narin;21
Egzona;21
Wictoria;21
Dorthy;21
Elzbieta;21
Tomintytär;21
Allison;21
Justine;21
Harriette;21
Caisa;21
Merikki;21
Kiuru;21
Boel;21
Neija;21
Jina;21
Enrika;21
Matsdotter;21
Inès;21
Ulla-Kristiina;21
Regiina;21
Floora;21
Tetta;21
Ilaria;21
Heidi-Mari;21
Claudine;21
Riitta-Anneli;21
Bigga;21
Zandra;21
Kaste;21
Piiku;21
Eeti;21
Thomasdotter;21
Myra;21
Jenni-Emilia;21
Paulikki;21
Salla-Maari;21
Mariska;21
Francine;21
Tilhi;21
Miitu;21
Farhiyo;21
Meriam;21
Satu-Päivikki;21
Nata;21
Vilja-Maria;21
Wanja;21
Marja-Lena;21
Tiia-Liisa;21
Zsuzsanna;21
Kaisa-Marja;21
Triinu;21
Liina-Maria;21
Nadya;21
Svitlana;21
Asia;21
Eija-Maarit;21
Alex;21
Maikku;21
Tess;21
Evella;21
Sini-Susanna;21
Yamina;21
Kaisamari;21
Katrianna;21
Uliana;21
Milou;21
Linette;21
Narges;21
Anna-Kajsa;21
Mirva-Liisa;21
Dao;21
Esti;21
Olesja;21
Irmgard;21
Mihaela;21
Viktorija;21
Natasja;21
Keren;21
Maurintytär;21
Aiko;21
Ping;21
Laura-Liisa;21
Miiu;21
Elda;21
Leonna;21
Chia;21
Piela;21
Alicja;21
Emely;21
Hilta;21
Amna;21
Eeva-Kaija;20
Lumihelmi;20
Sydney;20
Kasandra;20
Zoya;20
Anneke;20
Christelle;20
Ranya;20
Liisa-Lotta;20
Lumituuli;20
Ann-Cathrin;20
Dalila;20
Roda;20
Helleni;20
Uuna;20
Jonasdotter;20
Annimaija;20
Gresa;20
Judy;20
Eija-Kaarina;20
Elmina;20
Irène;20
Stefansdotter;20
Fuad;20
Ikran;20
Aada-Emilia;20
Ronda;20
Lorraine;20
Pioni;20
Anzhelika;20
Evangelia;20
Taila;20
Jennyfer;20
Sky;20
Hella;20
Arlinda;20
Enny;20
Inka-Mari;20
Hamid;20
Fredriksdotter;20
Jaana-Maija;20
Leslie;20
Liisukka;20
Evgenija;20
Meta;20
Sari-Helena;20
Tiida;20
Ann-Kristine;20
Sevgi;20
Inni;20
Hayley;20
Varpu-Liisa;20
Riitta-Mari;20
Arlette;20
Maruzella;20
Sumeya;20
Kadri;20
Zoé;20
Annileena;20
Qamar;20
Miisa-Maria;20
Berivan;20
Secilia;20
Henriitta;20
Ivanka;20
Roxanne;20
Jamie;20
Auvo;20
Tordis;20
Avelia;20
Tereza;20
Gull-Maj;20
Sari-Johanna;20
Joseph;20
Kianna;20
Magnhild;20
Fatime;20
Abdikarim;20
Meri-Kukka;20
Jinka;20
Ajla;20
Satu-Maija;20
Heine;20
Colette;20
Riina-Kaisa;20
Mar;20
Mari-Anneli;20
Iri;20
Fransilja;20
Ilhan;20
Isatou;20
Faiza;20
Ellan;20
Hanna-Marika;20
Jyrkintytär;20
Millamari;20
Ainoliina;20
Janna-Maria;20
Karo;20
Liise;20
Irené;20
Evastiina;20
Veera-Kaisa;20
Stefani;20
Ioana;20
Anny;20
Nuura;20
Inga-Lisa;20
Latifa;20
Vibeke;20
Rosalin;20
Arta;20
Abdirisak;20
Gullvi;20
Quyen;20
Briitta-Liisa;20
Tiina-Sisko;20
Kerttu-Kaarina;20
Meri-Maaria;20
Anna-Kreeta;20
Abdillahi;20
Katja-Maarit;20
Wendela;20
Maree;20
Solweig;20
Natalya;20
Ritva-Anneli;20
Sannu;20
Elicia;20
Tonintytär;20
Vilna;20
Dieu;20
Anni-Ilona;20
Tarjaana;20
Ritvaliisa;20
Paavontytär;20
Rosmarie;20
Feride;20
Päivi-Liisa;20
Arja-Maija;20
Chiamaka;20
Cora;19
Stina-Maria;19
Alix;19
Ellinore;19
Mikaella;19
Robertsdotter;19
Ida-Liisa;19
Borghild;19
Evguenia;19
Hanna-Katariina;19
Arya;19
Emma-Riikka;19
Monia;19
Hanna-Helena;19
Sakina;19
Gemma;19
Abdikadir;19
Sinivuokko;19
Ronia;19
Amra;19
Gabriele;19
Hanna-Katri;19
Merili;19
Jenni-Sofia;19
Ailin;19
Satu-Mari;19
Merianna;19
Mii;19
Exenia;19
Ann-Gret;19
Karitta;19
Satu-Liisa;19
Chantelle;19
Pia-Susanna;19
Tiina-Riikka;19
Althea;19
Dita;19
Janissa;19
Neema;19
Simontytär;19
Arielle;19
Piia-Mari;19
Katleena;19
Teela;19
Teija-Leena;19
Lumi-Helmi;19
Ulla-Helena;19
Sadie;19
Joella;19
Adelheid;19
Mari-Hannele;19
Adette;19
Marié;19
Melian;19
Olive;19
Etna;19
Piiu;19
Lyylia;19
Anu-Elina;19
Thua;19
Anna-Mi;19
Meemi;19
Avella;19
Ruusu-Maria;19
Sansa;19
Sara-Emilia;19
Cecile;19
Liliya;19
Mea-Maria;19
Ilse-Maj;19
Kaisa-Reetta;19
Leena-Anneli;19
Rahel;19
Elbe;19
M.;19
Meriitta;19
Emilii;19
Valvatti;19
Lille-Mor;19
Magnusdotter;19
Mesimarja;19
Omelia;19
Yun;19
Enrica;19
Teuta;19
Kyra;19
Almira;19
Parisa;19
Lita;19
Anni-Maaria;19
Marjan;19
Khalif;19
Leonor;19
Mabel;19
Duyen;19
Eliane;19
Paris;19
Astra;19
Renita;19
Anna-Maj;19
Sindy;19
Maria-Elena;19
Eskontytär;19
Sievi;19
Minetta;19
Pilar;19
Titania;19
Sinimarja;19
Arleena;19
Fatmire;19
Kimsdotter;19
Anne-Marjo;19
Birgitt;19
Saad;19
Silvi;19
Huynh;19
Mariell;19
Domna;19
Terttuli;19
Betti;19
Reeta-Maria;19
Rosabella;19
Evianna;19
Aala;19
Tytti-Maria;19
Ennika;19
Puolukka;19
Salima;19
Naz;19
Sultan;19
Elina-Maria;19
Ainomari;19
Josefiia;19
Morgan;19
Catriona;19
Riina-Mari;19
Satu-Päivi;19
Paige;19
Pirkkoliisa;19
Miinu;19
Milja-Maaria;18
Ljuba;18
Cristal;18
Darya;18
Eija-Maria;18
Neah;18
Robyn;18
Reija-Liisa;18
Enni-Sofia;18
Amandine;18
Nafisa;18
Teija-Riitta;18
Heleni;18
Mirve;18
Mumin;18
Noura;18
Wilmiina;18
Lumi-Lilja;18
Christiansdotter;18
Natta;18
Roine;18
Sarafina;18
Aysha;18
Fanny-Maria;18
Mandana;18
Jenni-Julia;18
Emmi-Leena;18
Tessi;18
Githa;18
Irem;18
Jaana-Kaisa;18
Belle;18
Eeva-Sofia;18
Ngozi;18
Abdirisaq;18
Juhanintytär;18
Ksenja;18
Wendla;18
Shan;18
Violette;18
Milvi;18
Nerissa;18
Irja-Leena;18
Kaitlyn;18
Leana;18
Salla-Kaisa;18
Kerli;18
Ella-Roosa;18
Sena;18
Solin;18
Mahsa;18
Valencia;18
Mélanie;18
Saija-Maria;18
Emmastiina;18
Oilikki;18
Salla-Sofia;18
Da;18
Tilly;18
Vicktoria;18
Jarnontytär;18
Beth;18
Sikke;18
Suvikki;18
Pyry;18
Satu-Kaarina;18
Hanna-Lena;18
Abed;18
Adora;18
Taika-Tuuli;18
Anjelika;18
Alanna;18
Kaisamaria;18
Melodi;18
Sheikh;18
Tellu;18
Gustaava;18
Summer;18
Lorna;18
Yagmur;18
Davina;18
Ilhaan;18
Isabela;18
Suvi-Kukka;18
Liljaana;18
Júlia;18
Marcelle;18
Manal;18
Katja-Maaria;18
Krisztina;18
Dafina;18
Ullariikka;18
Jiia;18
Naema;18
Adalina;18
Zarah;18
Sanaa;18
Muniira;18
Birita;18
Saynab;18
Tuyen;18
Bojan;18
Sona;18
Carole;18
Millamaria;18
Hennika;18
Milina;18
Othilia;18
Abd;18
Maureen;18
Minna-Sisko;18
Sofiel;18
Pihka;18
Marja-Tuulikki;18
Mirja-Maija;18
Evamaria;18
Miita;18
Heta-Maria;18
Juliane;18
Sannimari;18
Nea-Emilia;18
Joela;18
Rene;18
Laura-Sofia;18
Toussainte;18
Danja;18
Chatrine;18
Emmi-Riikka;18
Elsbet;18
Albana;18
Ejvor;18
Aadolfiina;18
Amara;18
Anu-Kristiina;18
Teri;18
Mya;18
Dominika;18
Hennariina;18
Adelei;18
Satu-Lotta;18
Katina;18
Ing-Marie;18
Jo;18
Emmilotta;18
Sadaf;18
Sini-Orvokki;18
Markareeta;18
Elleni;18
Tiina-Maarit;18
Jamelia;18
Maria-Elina;18
Sara-Tuulia;18
Seera;18
Milona;18
Adrianna;18
Elisabetta;18
Havin;18
Maijeli;18
Mia-Riitta;18
Hanna-Lotta;18
Arja-Sisko;18
Pavlovna;17
Precious;17
Iina-Mari;17
Minna-Kaarina;17
Rosa-Mari;17
Leinikki;17
Maryann;17
Nina-Maarit;17
Reeta-Kaisa;17
Hanna-Reeta;17
Virpi-Leena;17
Marga;17
Anna-Laura;17
Jeanine;17
Ka;17
Milaya;17
Gunn-Maj;17
Annikaisa;17
Béatrice;17
Neila;17
Adelin;17
Anni-Marja;17
Jolina;17
Liliann;17
Fariba;17
Aino-Maaria;17
Anne-Britt;17
Adelma;17
Mitja;17
Piia-Liisa;17
Zaynab;17
Blerta;17
Carmel;17
Wen;17
Jeanna;17
Kätlin;17
Eeri;17
Nelliina;17
Trude;17
Samar;17
Ekaterini;17
Ertta;17
Eva-Riitta;17
Destiny;17
Drita;17
Y;17
Hui;17
Klarissa;17
Beryl;17
Britt-Helen;17
Embla;17
Rosa-Emilia;17
Chanelle;17
Leenakaisa;17
Federica;17
Aamina;17
Fanni-Sofia;17
Rosetta;17
Abdiasis;17
Sabiina;17
Olesia;17
Jenna-Riina;17
Päivä;17
Riikkaliisa;17
Saija-Liisa;17
Diina;17
Parvin;17
Maie;17
Jenna-Juulia;17
Elsa-Maija;17
Muhamed;17
Alette;17
Aralia;17
Walborg;17
Ellariina;17
Valerija;17
Fereshteh;17
Heidi-Maarit;17
Jaana-Mari;17
Merva;17
Heta-Liisa;17
Kulta;17
Anna-Marika;17
Niina-Riikka;17
Izabela;17
Erza;17
Emma-Julia;17
Elfiina;17
Anne-Kristina;17
Meria;17
Penny;17
Minttumaaria;17
Farhan;17
Taia;17
Jun;17
Barita;17
Ina-Maria;17
Jimena;17
Timea;17
Soledad;17
Meliha;17
Satumaria;17
Sofja;17
Asad;17
Augustina;17
Liina-Maija;17
Valpori;17
Misella;17
Muhumed;17
Brooke;17
Maria-Teresa;17
Alecia;17
Khadar;17
Kristian;17
Lea-Liisa;17
Elwira;17
Tiinaliisa;17
Syeda;17
Pricella;17
Nataliia;17
Blessing;17
Shabnam;17
Inke;17
La;17
Venera;17
Kristiana;17
Runa-Lisa;17
Emmalotta;17
Laura-Leena;17
Minttu-Mari;17
Ibtisam;17
Aime;17
Annea;17
Rim;17
Abena;17
Olofsdotter;17
Devi;17
Tarja-Helena;17
Piija;17
Sahro;17
Kaya;17
Liona;17
Helmi-Lotta;17
Manar;17
Kirstiina;17
Elva;17
Kirsi-Marjo;17
Lotta-Maija;17
Hilpe;17
Terhi-Tuulia;17
Marie-Anne;17
Julanda;17
Anfisa;17
Tytteli;17
Pearl;17
Pirjo-Sisko;17
Nesrin;17
Mielo;17
Danika;17
Dilek;17
Estel;17
Glory;17
Hind;17
Tony;17
Tram;17
Aimée;17
Annemo;16
Nawaal;16
Sara-Lotta;16
Siena;16
Aarika;16
Essi-Emilia;16
Sanela;16
Lam;16
Luminea;16
Deeqa;16
Mariantytär;16
Kirke;16
Sirkku-Leena;16
Anu-Susanna;16
Dunya;16
Ann-Maarit;16
Tomasdotter;16
Vittoria;16
Asra;16
Alexandrine;16
Agneetta;16
Annuska;16
Marfa;16
Marja-Hannele;16
Vanesa;16
Avin;16
Sig-Britt;16
Neea-Maria;16
Pille;16
Katja-Marika;16
Lisi;16
Aynur;16
Evastina;16
Marghita;16
Nyambura;16
Elwa;16
Annetta;16
Alaa;16
Tracy;16
Maijastina;16
Amran;16
Sinervo;16
Oona-Emilia;16
Vjollca;16
Maxima;16
Giang;16
Sane;16
Grazyna;16
Annilotta;16
Rona;16
Terésa;16
Thalia;16
Leonidovna;16
Sari-Leena;16
Toni;16
Timna;16
Patriicia;16
Päivi-Leena;16
Konstantina;16
Nerea;16
Kreta;16
Lora;16
Fu;16
Lowa;16
Miroslava;16
Milga;16
Allida;16
Rosella;16
Saga-Sofia;16
Lumi-Tuulia;16
Abdiaziz;16
Yin;16
Nilsdotter;16
Viljaana;16
Nermin;16
Eriksdotter;16
Abshir;16
Kathrina;16
Jaqueline;16
Mari-Annukka;16
Marii;16
Margerita;16
Daga;16
Atieno;16
Ena;16
Synnove;16
Taylor;16
Tone;16
Mirka-Maria;16
Nella-Maria;16
Pirke;16
Marileena;16
Aminda;16
Lu;16
Shira;16
Maj-Helen;16
Ema;16
Jaana-Marja;16
Uyen;16
Riitta-Helena;16
Luminka;16
Jocelyn;16
Pirpa;16
Iza;16
Albulena;16
Anni-Riikka;16
Sini-Päivikki;16
Despina;16
Heidi-Maaria;16
Edwina;16
Mirana;16
Oliivia;16
Jenni-Leena;16
Lottaliina;16
Anna-Eveliina;16
Willow;16
Senita;16
Naimo;16
Vivi-Anne;16
Kristal;16
Riitta-Kaarina;16
Sigrun;16
Ioanna;16
Hamida;16
Julita;16
Liis;16
Lilyan;16
Pelagea;16
Sanni-Kaisa;16
Jilla;16
Muthoni;16
Ria-Maria;16
Caro;16
Mahnaz;16
Eija-Sisko;16
Freia;16
Abdisalam;16
Kaisa-Riitta;16
Pellava;16
Salla-Maaret;16
Juuli-Anna;16
Pian;16
Mia-Sofia;16
Rosa-Maaria;16
Susie;16
Friia;16
Satu-Hannele;16
Saaramaria;16
Signild;16
Louhi;16
Bonnie;16
Clary-Ann;16
Anerva;16
Mija;16
Betina;16
Jesmina;16
Mohamoud;16
Muse;16
Maarikka;16
Neri;16
Miria;16
Wanessa;16
Fanniina;16
Saara-Mari;16
Sallima;16
Adnan;16
Petranella;16
Shire;16
Akveliina;16
Militza;16
Reetta-Mari;16
Jena;16
Kirsti-Kaarina;16
Eha;16
Ingebritt;16
Vailet;16
Juan;16
Maija-Riikka;16
Annuka;16
Caritta;16
Annalotta;16
Silja-Sofia;16
Adil;16
Annuliina;16
Elham;16
Jolanta;16
Akua;16
Pipariina;16
Israa;16
Johanna-Maria;16
Ellis;16
Sibylla;16
Marie-Sofie;16
Annett;15
Maj-Leena;15
Helma;15
Kaintytär;15
Aliza;15
Milla-Maarit;15
Nadira;15
Anna-Matilda;15
Elsmaj;15
Aina-Maria;15
Anne-Marjatta;15
Marie-Helene;15
Elita;15
Antje;15
Tirlittan;15
Emiina;15
Essiina;15
Juuni;15
Anne-Sisko;15
Lotta-Kaisa;15
Anwar;15
Elwiira;15
Kallentytär;15
Luminia;15
Senobia;15
Meela;15
Olessia;15
Mai-Leena;15
Muriel;15
Fransisca;15
Juana;15
Veera-Sofia;15
Anselmiina;15
Amin;15
Riina-Liisa;15
Hannariina;15
Iuliia;15
Ileana;15
Margrethe;15
Mia-Maarit;15
Tertit;15
Sanna-Sofia;15
Shakira;15
Linda-Sofia;15
Evian;15
Mireka;15
Agneeta;15
Inka-Liisa;15
Annalea;15
Enea;15
Pikka;15
Rosiina;15
Josie;15
Bambi;15
Romina;15
Lamia;15
Helme;15
Iria;15
Joa;15
Lilo;15
Viviikka;15
Caramia;15
Vasiliki;15
Maru;15
Ahlam;15
Lumiella;15
Maina;15
Ophelia;15
Seraphina;15
Sofía;15
Marigona;15
Filsan;15
Alvi;15
Hanna-Pauliina;15
Mikaeela;15
Asmin;15
Tira;15
Towe;15
Ann-Cristine;15
Marinna;15
Robin;15
Aissa;15
Anne-Kaisa;15
Evgeniya;15
Ismahan;15
Tiia-Maaria;15
Laulikki;15
Elvine;15
Lucille;15
Marus;15
Hintriikka;15
Taria;15
Aija-Riitta;15
Mirca;15
Joosefiina;15
Kaisla-Maria;15
Hila;15
Sergeevna;15
Merena;15
Randa;15
Ilsa;15
Elli-Ilona;15
Saara-Lotta;15
Jolana;15
Heléna;15
Saija-Riikka;15
Sinikukka;15
Kaisa-Maaria;15
Ambrosia;15
Pirkko-Riitta;15
Ella-Kaisa;15
Dara;15
Dorota;15
Sea;15
Sierra;15
Trinity;15
Mara;15
Orvo;15
Hillamaria;15
Anila;15
Ebru;15
Miliza;15
Sabiha;15
Synnevi;15
Amaia;15
Nena;15
Saido;15
Jadwiga;15
Nadiya;15
Eva-Marja;15
Saeed;15
Vanilia;15
Muhiadin;15
Tiina-Tuulia;15
Ulla-May;15
Dianna;15
Riim;15
Liisa-Marja;15
Vanni;15
Eva-Christina;15
Sandra-Sofia;15
Emira;15
Samuela;15
Ulla-Sisko;15
Kawsar;15
Linda-Lotta;15
Mirna;15
Francoise;15
Henrikka;15
Laini;15
Mirjana;15
Abdirahim;15
Merja-Hannele;15
Jutta-Maria;15
Piipa;15
Miana;15
Janka;15
Sinitta;15
Teres;15
Mariisa;15
Defne;15
Hayat;15
Xue;15
Sari-Maria;15
Anna-Inkeri;15
Asho;15
Tepontytär;15
Laetitia;15
Liljan;15
Taru-Maria;15
Tia-Mari;15
Sunita;15
Kjerstin;15
Anna-Pia;15
Railikki;15
Vaili;15
Kati-Susanna;15
Maareta;15
Sara-Julia;15
Dia;15
Tina-Maria;15
Moe;15
Farhio;15
Miryam;15
Anastasiya;15
Ardita;15
Salvia;15
Mariika;15
Saga-Maria;15
Ulla-Kristina;15
Emma-Reetta;15
Hava;15
Hebe;15
San;15
Kinga;15
Anu-Maaria;15
Hashi;15
Briana;15
Babette;15
Onnea;15
Nelmi;15
Nike;15
Ulla-Pia;15
Mulki;15
Tilja;15
Edviina;15
Hanne-Leena;15
Heta-Maija;15
Daniel;15
Christianne;15
Katja-Liisa;15
Tuuva;15
Annalena;15
Anni-Liisa;15
Irma-Leena;15
Suvi-Johanna;15
Feelia;15
Hanna-Karoliina;15
Zita;15
Jenny-Sofia;15
Hendrika;15
Lija;15
Angelita;15
Jaber;15
Alekseevna;15
Eeva-Reetta;15
Pertintytär;15
Chanette;15
Heilimä;15
Liisamaria;15
Henna-Reetta;15
Taru-Maija;15
Levina;15
Amel;15
Anna-Ilona;15
Virpa;15
Vera-Maria;15
Weronica;15
Arlena;15
Elia;14
Ammi;14
Christie;14
Lenny;14
Heddy;14
Safiyo;14
Jasemin;14
Sävele;14
Titta-Riina;14
Miya;14
Saidi;14
Tiia-Mariia;14
Kaila;14
Milly;14
Annita;14
Cécilia;14
Michal;14
Shukrije;14
Ottiliana;14
Jippu;14
Madeléne;14
Kaija-Maija;14
Diandra;14
Rafaella;14
Via;14
Margurite;14
Sallamaaria;14
Inka-Sofia;14
Sofiya;14
Tiia-Maarit;14
Tesla;14
Andreea;14
Aino-Riitta;14
Ritva-Maija;14
Ida-Amanda;14
Achieng;14
Anne-Katariina;14
Maruska;14
Eudokia;14
Hanna-Lea;14
Aniara;14
Neeta;14
Else-Mai;14
Jayne;14
Maaru;14
Pia-Johanna;14
Hermiina;14
Reeta-Mari;14
Salwa;14
Lusina;14
Ann-Christina;14
Hanna-Sisko;14
Iida-Kaisa;14
Lian;14
Mari-Helen;14
Persdotter;14
Asla;14
Heli-Riitta;14
Ananda;14
Zeineb;14
Melica;14
Jennamiia;14
Håkansdotter;14
Walma;14
Janeta;14
Leonilla;14
Thuong;14
Xiu;14
Eeva-Inkeri;14
Ikraam;14
Suraya;14
Ulla-Maaria;14
Mukhtar;14
Pia-Marie;14
Atlanta;14
Jerita;14
Taru-Tuuli;14
Terhi-Marja;14
Miski;14
Evelyne;14
Decire;14
Filiz;14
Keesia;14
Bia;14
Raunontytär;14
Mileena;14
Jonna-Julia;14
Satu-Elina;14
Piri;14
Aliya;14
Salla-Tuulia;14
Sirina;14
Riikka-Maaria;14
Anna-Lyydia;14
Lili-Ann;14
Paula-Maija;14
Leena-Liisa;14
Minna-Marjaana;14
Gretchen;14
Jitta;14
Miliana;14
Mette-Maarit;14
Julienne;14
Minna-Elina;14
Josefa;14
Wiveca;14
Katri-Johanna;14
Anseliina;14
Avalon;14
Dorcas;14
Negin;14
Kamal;14
Åse;14
Serenella;14
Melani;14
Kristiin;14
Brita-Lisa;14
Fitore;14
Masoumeh;14
Minnami;14
Janiela;14
Riikka-Johanna;14
Maija-Elina;14
Inka-Maaria;14
Amela;14
Sinea;14
Gracia;14
Ann-Len;14
Tea-Maria;14
Dmitrievna;14
Aye;14
Efia;14
Marya;14
Inas;14
Anesa;14
Anna-Carin;14
Kaika;14
Amila;14
Pia-Marja;14
Amino;14
Rolfsdotter;14
Sanna-Riina;14
Wiveka;14
Meli;14
Réka;14
Sharmin;14
Hanna-Kaija;14
Ansela;14
Salla-Marja;14
Gül;14
Christabel;14
Jenna-Sofia;14
Sannaliisa;14
Melania;14
Evangelina;14
Else-Britt;14
Hamda;14
Åkesdotter;14
Laura-Mari;14
Aira-Liisa;14
Riana;14
Iina-Maija;14
Kadi;14
Amélia;14
Haji;14
Safiye;14
Pirkka;14
Leelia;14
Tertta;14
Veina;14
Eva-Leena;14
Sannika;14
Abdinasir;14
Katja-Helena;14
Merelle;14
Meg;14
Eeva-Maaria;14
Silja-Riitta;14
Bridget;14
Sumayo;14
Mirjaliisa;14
Blerina;14
Ann-Jeanette;14
Ing-Maj;14
Aneta;14
Madelén;14
Terttu-Kaarina;14
Auruura;14
Lumililja;14
Hinda;14
Liini;14
Catriina;14
Alexandrovna;14
Sanni-Maija;14
Susi;14
Orla;14
Lou;14
Pike;14
Gunne;14
Helmi-Riitta;14
Henna-Emilia;14
Keth;14
Jarlsdotter;14
Sini-Meri;14
Maininki;14
Sarra;14
Jormantytär;14
Kateryna;14
Raune;14
Sita;14
Marjo-Riina;14
Reetriikka;14
Eszter;14
Florencia;14
Hilla-Mari;14
Iida-Elina;14
Luljeta;14
Margalit;14
To;14
Jarmila;14
Eulaalia;14
Sofya;14
Mafalda;14
Mine;14
Elsiina;14
Hilla-Marja;14
Eva-Britt;14
Pirjo-Hannele;14
Winnie;14
Inara;14
Saana-Tuulia;14
Milada;14
Anthea;14
Marcusdotter;13
Awil;13
Guadalupe;13
Nica;13
Hanna-Emilia;13
Kaaren;13
Marintytär;13
Aysel;13
Laurel;13
Leena-Maarit;13
Ulli;13
Jenilla;13
Eman;13
Eylül;13
Zoë;13
Rabab;13
Vianna;13
Xiang;13
Rita-Maria;13
Mia-Maija;13
Heidi-Marika;13
Anzelika;13
Simin;13
Ludmilla;13
Suvimarja;13
Urve;13
Oona-Sofia;13
Seni;13
Mena;13
Minca;13
Hedy;13
Iita-Maria;13
Almina;13
Anine;13
Mollie;13
Sevda;13
Rosa-Linda;13
Ida-Elina;13
Aleena;13
Corina;13
Imelda;13
Ariadna;13
Päivi-Elina;13
Meral;13
Anttoniina;13
Havanna;13
Izabell;13
Tanja-Maarit;13
Kübra;13
Kristy;13
Titta-Mari;13
Emma-Noora;13
Tiia-Riitta;13
Tiina-Elina;13
Juliska;13
Terhi-Liisa;13
Hannastiina;13
Ritja;13
Sandi;13
Henna-Sofia;13
Anrika;13
Eva-Helena;13
Zilan;13
Maiju-Liina;13
Nikole;13
Márta;13
Jerica;13
Liisa-Marjatta;13
Lindsay;13
Daphne;13
Eila-Maria;13
Amaliina;13
Juhanantytär;13
Elvy;13
Hanna-Tuulia;13
Jenni-Elina;13
Satu-Maaret;13
Eléonore;13
Bria;13
Indiana;13
Melisse;13
Virva-Tuulia;13
Ritu;13
Meerika;13
Christell;13
Yelena;13
Sari-Hannele;13
Mari-Anni;13
Essi-Lotta;13
Reena;13
Anabella;13
Annu-Maria;13
Ansku;13
Sharona;13
Matja;13
Farzana;13
Fatimah;13
Tosca;13
Rika;13
Miri;13
Gertrude;13
Anet;13
Mailikki;13
Emriikka;13
Alja;13
Mari-Tuulia;13
Monja;13
Samina;13
Emma-Karoliina;13
Leida;13
Tyti;13
Maisu;13
Meredith;13
Helia;13
Kaisa-Elina;13
Liisamari;13
Anna-Juulia;13
Vlora;13
Raimontytär;13
Rosana;13
Helja;13
Yuki;13
A.;13
Mallu;13
Farhiya;13
Annlis;13
Deeqo;13
Salih;13
Sergejevna;13
Gunne-Maj;13
Anela;13
Ellika;13
Feodosia;13
Nikoletta;13
Denisa;13
Valentinovna;13
Thora;13
Ronja-Maria;13
Sari-Liisa;13
Nene;13
Walpuri;13
Lirije;13
Gunn-Lis;13
Dorthe;13
Prisca;13
Ave;13
Sinem;13
Sini-Johanna;13
Julitta;13
Anastasiia;13
Karliina;13
Merethe;13
Rhonda;13
Melitta;13
Lada;13
Anni-Julia;13
Elpi;13
Yasin;13
Marice;13
Meriina;13
Fina;13
Sisko-Helena;13
Tikva;13
Outi-Mari;13
Giada;13
Ruusunnuppu;13
Salla-Riikka;13
Chen;13
Kristianna;13
Eevi-Maria;13
Viri;13
Zena;13
Ágnes;13
Eva-Kristina;13
Mansi;13
Nala;13
Engeliina;13
Abdulrahman;13
Saania;13
Saralia;13
Emel;13
Frieda;13
Helleka;13
Hashim;13
Meliisa;13
Merja-Terttu;13
Louis;13
Niitty;13
Ida-Julia;13
Heidi-Susanna;13
Mirena;13
Shqipe;13
Leene;13
Lumnije;13
Hanne-Marie;13
Mika;13
Sanna-Tuulia;13
Nea-Mari;13
Rasha;13
Saarah;13
Lyra;13
Eina;13
Minna-Susanna;13
Gwen;13
Saleh;13
Kaisu-Liisa;13
Gillian;13
Aino-Sisko;13
Jeniina;13
Tuuli-Mari;13
Enni-Lotta;13
Pilke;13
Wangui;13
Kaia;13
Elo;13
Makreeta;13
Rosette;13
Wiliina;13
Seda;13
Jaael;13
Lalita;13
Kirsi-Marjaana;13
Maria-Kristiina;13
Enisa;13
Iidamari;13
Kaitlin;13
Matroona;13
Paraskeva;13
Hentriikka;13
Canan;13
Donika;13
Tarja-Terttu;13
Riija;13
Zlata;13
Sari-Maija;13
Neili;13
Valona;13
Sävel;13
Magga;13
Neva;13
Seren;13
Severina;13
Tapanintytär;13
Henrintytär;13
Akseliina;13
Sanna-Pauliina;13
Mursal;13
Luul;13
Anisia;13
Nathali;13
Marja-Riikka;13
Eléna;13
Zoey;13
Sherif;13
Vinja;13
Minna-Johanna;13
Ella-Riina;13
Iida-Maaria;13
Aarla;13
Aleida;13
Anjatta;13
Sessa;13
Mirina;13
Iina-Lotta;13
Kaisa-Reeta;13
Annely;13
Elodie;13
Angie;13
Katjusha;13
Divine;13
Leenamari;13
Afnaan;13
Kasperiina;13
Kirsi-Hannele;13
Lotta-Riina;13
Viivi-Lotta;13
Ancelina;13
Anuriikka;13
Felicity;13
Anu-Liina;13
Outi-Marja;13
Sara-Marie;13
Sofia-Maria;13
Karela;13
Aadaliina;13
Roosa-Maija;13
Jette;13
Malene;13
Emmeline;13
Fathi;13
Suvi-Pauliina;13
Mario;13
Senni-Sofia;13
Familia;13
Ann-Viol;13
Riona;13
Ildiko;12
Jenni-Maija;12
Ketsia;12
Eeden;12
Sini-Maaret;12
Milica;12
Nicol;12
Peter;12
Satu-Kristiina;12
Ildikó;12
Sara-Tuuli;12
Maria-Emilia;12
Michael;12
Miima;12
Neetta;12
Haley;12
Biret;12
Eirin;12
Emmi-Liina;12
Binte;12
Kasmiira;12
Terri;12
Noora-Sofia;12
Rahima;12
Krenare;12
Maj-Viol;12
Mohamad;12
Juuliska;12
Kai;12
Anna-Linnea;12
Qing;12
Kaija-Helena;12
Kide;12
Mette-Maaria;12
Felice;12
Ganimete;12
Herta;12
Ippa;12
Deanna;12
Saleban;12
Debbie;12
Tida;12
Nella-Noora;12
Kati-Maarit;12
Aagot;12
Katerine;12
Kimete;12
Lavin;12
Noel;12
Patrica;12
Duong;12
Margeta;12
Piia-Maarit;12
Sirikli;12
Jeela;12
Fowsia;12
Anervo;12
Kreetta-Liisa;12
Teila;12
Merja-Helena;12
Päivi-Maarit;12
Anu-Pauliina;12
Ikra;12
Jolene;12
Aleksejevna;12
Jytte;12
Kairi;12
Ella-Olivia;12
Elouise;12
Sesilja;12
Ewelina;12
Gerli;12
Gullveig;12
Talia;12
Tiia-Marika;12
Iloisa;12
Kenza;12
Maivor;12
Maritha;12
Aurore;12
Caren;12
Françoise;12
Mui;12
Rista;12
Jenna-Maaria;12
Mai-Brit;12
Eevariitta;12
Emmanuela;12
Asrin;12
Omenankukka;12
Samir;12
Saara-Elina;12
Netta-Maria;12
Tiia-Sofia;12
Antigona;12
Hansdotter;12
Kitti;12
Selmi;12
Sanna-Reetta;12
Heini-Marja;12
Helmi-Ilona;12
Iida-Eveliina;12
Dong;12
Inja;12
Sanaz;12
Mari-Sisko;12
Michell;12
Delal;12
Satu-Marjaana;12
Kirsi-Marika;12
Anne-Sofie;12
Sahal;12
Maisie;12
Rima;12
Roswitha;12
Serita;12
Leonita;12
Mali;12
Iitamari;12
Indigo;12
Anna-Mariia;12
Emeli;12
Shari;12
Sofiella;12
Marja-Sinikka;12
Mirja-Kaarina;12
Nataly;12
Hedi;12
Yassin;12
Sinimaria;12
Cleo;12
Safi;12
Rosali;12
Aleftina;12
Gulnara;12
Hero;12
Anttuuna;12
Evilda;12
Ann-Louis;12
Madlena;12
Maij-Lis;12
Sadio;12
Graciela;12
Sennu;12
Jesmiina;12
Barbi;12
Rachelle;12
Ala;12
Minelle;12
Asiya;12
Diellza;12
Tuong;12
Jacoba;12
Riia-Liisa;12
Adama;12
Francilia;12
Liisa-Kaarina;12
Ikhlas;12
Áile;12
Jelizaveta;12
Imane;12
Kaijaleena;12
Mariliisa;12
Basma;12
Sanita;12
Thy;12
Hanifa;12
Filomena;12
Aia;12
Anne-Marit;12
Friederike;12
Sarleena;12
Inga-Maarit;12
Eleana;12
Vita;12
Anssintytär;12
Safiina;12
Veronique;12
Piia-Riikka;12
Riinu;12
Pelin;12
Siria;12
Niina-Kaisa;12
Emanuela;12
Alita;12
Sisko-Riitta;12
Özlem;12
Darlene;12
Hanna-Elisa;12
Ara;12
Papu;12
Emmeliina;12
Alisi;12
Anvi;12
Avena;12
Riham;12
Mari-Sanna;12
Chatrin;12
Shahnaz;12
Sine;12
Tuulimaria;12
Nela;12
Evely;12
Heelmä;12
Andeliina;12
Annemaj;12
Maryna;12
Nefeli;12
Oula;12
Pami;12
Rinesa;12
Semra;12
Shiri;12
Valonia;12
Rosa-Liina;12
Diona;12
Evanna;12
Helmiida;12
Cathy;12
Catja;12
Soheila;12
Meriella;12
Rochelle;12
Christella;12
Eirene;12
Jenni-Liisa;12
Ma;12
Aunetta;12
Hanna-Stiina;12
Markusdotter;12
Valmu;12
Adjoa;12
Roosa-Marja;12
Gisele;12
Hanin;12
Lusia;12
Helmililja;12
Pirkko-Helena;12
Saraste;12
Ting;12
Jillian;12
Maijukka;12
Anna-Marjatta;12
Daud;12
Elna-Maria;12
Erda;12
Sanya;12
Therèse;12
Malia;12
Pertta;12
Konstantia;12
Leela;12
Be;12
Aaliya;12
Rosalyn;12
Tanjaana;12
Ruweyda;12
Anjuli;12
Osmontytär;12
Seri;12
May-Gret;12
Charlot;12
Fabiola;12
Anida;12
Benina;12
Nazanin;12
Lakshmi;12
Tiinamaija;12
Octavia;12
Rachida;12
Kati-Mari;12
Pinar;12
Päivi-Riitta;12
Vu;12
Akiliina;12
Nella-Sofia;12
Habib;12
Neele;12
Tiia-Leena;12
Werna;12
Kaltrina;12
Theresé;12
Mariem;12
Vlada;12
Ahlaam;12
Brynhild;12
Tuli;12
Doreen;12
Heidi-Marja;12
Tiivi;12
Soli;12
Julienna;12
Viktoriia;12
Teresita;12
Milla-Riikka;12
Heba;12
Jouki;12
Dakota;12
Sini-Marika;12
Ullrika;12
Gul;12
Khalil;12
Cordelia;12
Lalla;12
Merima;12
Noëlle;12
Felia;12
Inga-Lena;12
Nnenna;12
Rena;12
Shu;12
Besarta;12
Patrice;12
Soleil;12
Sarafiina;12
Grethel;12
Jazmin;12
Anu-Marja;12
Caisha;12
Arisa;12
Dimitrova;12
Emiliana;12
Aino-Helena;12
Anima;12
Gry;12
Marguerita;12
Terhi-Tuulikki;12
Benedicta;12
Aljona;12
Marcia;12
Eveli;12
Marida;12
Nadina;12
Nataliina;12
Sandrine;12
Kirsi-Liisa;12
Lis-Maj;12
Abdishakur;12
Ann-Cristin;12
Kirsi-Marie;11
Almaz;11
Arja-Terttu;11
Estela;11
Vesna;11
Seline;11
Abdiweli;11
Aidi;11
Aminah;11
Tuula-Marjatta;11
Satu-Marika;11
Michella;11
Nazli;11
Eeva-Marjatta;11
Lori;11
Meeri-Maria;11
Inkariina;11
Jeminna;11
Jenni-Maaria;11
Eija-Anneli;11
Mirta;11
Pirje;11
Emma-Roosa;11
Kha;11
Tuuli-Anna;11
Mirika;11
Nora-Maria;11
Pella;11
Riina-Lotta;11
Khadijah;11
Anzela;11
Dang;11
Regine;11
Essie;11
Yasmeen;11
Pirjoriitta;11
Manon;11
Niklasdotter;11
Aliisia;11
Piparminttu;11
Gullbritt;11
Guldine;11
Junita;11
Auringonkukka;11
Haidi;11
Hanna-Marie;11
Lippe;11
Milka-Maria;11
Saramaria;11
Éva;11
Nini;11
Rose-Maria;11
Hento;11
Khadro;11
Anna-Maaret;11
Shpresa;11
Araya;11
Cinderella;11
Almida;11
Lumikirsikka;11
Mila-Maria;11
Ashraf;11
Joukontytär;11
Monalisa;11
Eija-Elina;11
Satumarja;11
Skylar;11
Suzette;11
Iwona;11
Anni-Riitta;11
Banu;11
Erla;11
Thérése;11
Aamutähti;11
Nina-Marie;11
Marja-Reetta;11
Mireia;11
Ingrit;11
Almas;11
Anna-Christina;11
Paula-Riitta;11
Eeli;11
Elaisa;11
Satu-Tuulia;11
Hao;11
Jadelia;11
Kaisaliisa;11
Leea-Maria;11
Verla;11
Alviira;11
Heidy;11
Cheyenne;11
Seere;11
Sulotar;11
Maj-Louise;11
Riikkamari;11
Synneve;11
Pirjo-Helena;11
Ivonne;11
Setareh;11
Lore;11
Urszula;11
Noémie;11
Hania;11
Adi;11
Emmakaisa;11
Meri-Anna;11
Piia-Johanna;11
Joeliina;11
Anna-Eliisa;11
Tarja-Sisko;11
Paw;11
Katjana;11
Elisheva;11
Stigsdotter;11
Ullastiina;11
Lotta-Liina;11
Sahara;11
Sisi;11
Mari-Kaarina;11
Iina-Kaisa;11
Katriine;11
Sheima;11
Zarina;11
Saarai;11
Milva;11
Nadra;11
Niina-Liisa;11
Hillamari;11
Mohamuud;11
Myrtel;11
Raija-Sisko;11
Tiiamaria;11
Miia-Leena;11
Miray;11
Hazal;11
Saffron;11
Fuaad;11
Jordan;11
Moona-Maria;11
Elegia;11
Anumari;11
Saabiriin;11
Sanra;11
Anielka;11
Tho;11
Aadalmiina;11
Adeola;11
Hayder;11
Nasteeho;11
Outi-Katariina;11
Rocio;11
Leili;11
Tawfik;11
Laleh;11
Maurita;11
Ulla-Christina;11
Anna-Sara;11
Mirke;11
Laxmi;11
Mackenzie;11
Olegovna;11
Astrea;11
Rispa;11
Nina-Marika;11
Mia-Riikka;11
Reijontytär;11
Ireena;11
Kaisla-Kerttu;11
Tuija-Maija;11
Agape;11
Lani;11
Heli-Johanna;11
Jacinda;11
Erva;11
Nicoleta;11
Hibaaq;11
Candice;11
Cathryn;11
Dahabo;11
Yada;11
Yemina;11
Leya;11
Jadele;11
Yuan;11
Aino-Liina;11
Satu-Marjut;11
Miritza;11
Sadehelmi;11
Saija-Riitta;11
Joenna;11
Lillevi;11
Elga;11
Heloise;11
Ching;11
Jabbar;11
Adwoa;11
Danielsdotter;11
Heli-Maaria;11
Oliver;11
Safaa;11
Magnolia;11
Raika;11
Minnamaija;11
Onja;11
Vania;11
Maria-Johanna;11
Ye;11
Aldi;11
Märit;11
Alwa;11
Fannie;11
Miimi;11
Anna-Miia;11
Shaima;11
Daniéla;11
Anna-Mia;11
Aveliina;11
Peeta;11
Kaili;11
Emmeli;11
Ida-Lina;11
Raya;11
Amarachi;11
Eila-Sisko;11
Immikki;11
Siime;11
Gunni-Maj;11
Himmi;11
Miralda;11
Aulona;11
Cami;11
Milja-Emilia;11
Arline;11
Tarja-Anneli;11
Galadriel;11
Pirve;11
Nargis;11
Ikraan;11
Say;11
Kirstin;11
Marttina;11
Raile;11
Minna-Helena;11
Nanda;11
Pia-Christina;11
Annarosa;11
Bertina;11
Yousif;11
Herdis;11
Moana;11
Akram;11
Sini-Mari;11
Helve;11
Kalinka;11
Fatuma;11
Lillan;11
Maiju-Liisa;11
Mona-Liisa;11
Ann-Helene;11
Wangari;11
Pentintytär;11
Pola;11
Riikka-Sisko;11
Dareia;11
Era;11
Fabiana;11
Gentiana;11
Nina-Johanna;11
Reija-Leena;11
Fartuun;11
Jenissa;11
Shilan;11
Outi-Maaria;11
Salam;11
Tuija-Maria;11
Graziella;11
Priskilla;11
Iissa;11
Didem;11
Neli;11
Shima;11
Anu-Marika;11
Fabienne;11
Tittamari;11
Meliida;11
Henje;11
Sari-Sisko;11
Shahad;11
Stanislava;11
Stella-Maria;11
Saiga;11
Aino-Kaarina;11
Kaija-Sisko;11
Elenora;11
Inkaliina;11
Tricia;11
Anessa;11
Anouk;11
Liina-Kaisa;11
Fen;11
Helmi-Lilja;11
Ida-Annika;11
Anni-Liina;11
Eevaliina;11
Tonya;11
Annentytär;11
Aino-Elisa;11
Belma;11
Aleksanda;11
Anu-Johanna;11
Bosdotter;11
Päiviö;11
Tyttö;11
Janett;11
Kaire;11
Desiren;11
Eva-Kaisa;11
Fakher;11
Selen;11
Anica;11
Saila-Maria;11
Chrisse;11
Emilié;11
Minnaleena;11
Suvi-Pilvi;11
Hanne-Maaria;11
Toma;11
A;11
Lis-Beth;11
Mari-Sofia;11
Fang;11
Mirabelle;11
Diep;11
Abdulahi;11
Hanna-Katriina;11
Lembi;11
Ella-Emilia;11
Eija-Marja;11
Ingbritt;11
Rosamari;11
Rufina;11
Karim;11
Merissa;11
Aurelie;11
Jolin;11
Aalo;11
Angelia;11
Cathrina;11
Felicitas;11
Haddy;11
Riita;11
Juuli-Maria;11
Dorina;11
Svenja;11
Adelmiina;11
Meri-Tuulikki;11
Rebeka;11
Sinipilvi;11
Chun;11
Havina;11
Saadia;11
Yasmiin;11
Zuzanna;11
Anni-Riina;11
Merjem;11
James;11
Jonna-Kaisa;11
Loreta;11
Fransesca;11
Afnan;11
Liljen;11
Lotta-Leena;11
Saraliina;11
Tabassum;11
Kata-Riina;11
Merliina;11
Alexander;11
Romana;11
Roosaliina;11
Tao;11
Lassentytär;11
Liane;11
Bile;11
Emmi-Karoliina;11
Suha;11
Terésia;11
Vendi;11
Allis;11
Ann-Charlotta;11
Riikka-Susanna;11
Mia-Liisa;11
Katianna;11
Kavita;11
Kylie;11
Aba;11
Trina;11
Della;11
Azadeh;10
Courtney;10
Tintin;10
Zineb;10
Outi-Elina;10
Iina-Riikka;10
Jemila;10
Lindis;10
Liu;10
Elsi-Maria;10
Stéphanie;10
Tiira;10
Wivan;10
Oluchi;10
Riikka-Elina;10
Sassa;10
Maggi;10
Marjoriina;10
Natalina;10
Idaliina;10
Anni-Roosa;10
Helmi-Elisa;10
Amanta;10
Ayomide;10
Serene;10
Kirsimari;10
Justyna;10
Viive;10
Vilma-Maria;10
Virna;10
René;10
Rianne;10
Marie-Ann;10
Marjo-Reetta;10
Minou;10
Kausar;10
Farhana;10
Ameli;10
Véronique;10
Aila-Maria;10
Giia;10
Kiran;10
Rahman;10
Reita;10
Alfina;10
Anne-Birgitta;10
Betta;10
Pui;10
Gundborg;10
Ikhlaas;10
Jara;10
Celestine;10
Onnetar;10
Suong;10
Elssi;10
Sini-Päivi;10
Pia-Helena;10
Hanne-Riikka;10
Ninni-Maria;10
Waldine;10
Wing;10
Sadiyo;10
Samanta;10
Steffi;10
Anna-Rosa;10
Habibo;10
Lieu;10
Minya;10
Rida;10
Elinore;10
Jadette;10
Sidra;10
Scarlet;10
Marie-Charlotte;10
Menja;10
Hanni-Mari;10
Vaapukka;10
Kezia;10
Mattiina;10
Minja-Maria;10
Dila;10
Ulla-Terttu;10
Aale;10
Nenja;10
Meltem;10
Shiva;10
Hibaq;10
Kawthar;10
Anne-Sophie;10
Arja-Helena;10
Nerina;10
Femmi;10
Timja;10
Yvonn;10
Avelina;10
Fjolla;10
Hannika;10
Ann-Chatrine;10
Haidar;10
Lieselotte;10
Reija-Riitta;10
Sari-Minna;10
Finja;10
Hanna-Laura;10
Jutta-Mari;10
Elisse;10
Livian;10
Glenda;10
Yaa;10
Yussuf;10
Alliina;10
Aurélie;10
Lassintytär;10
Maile;10
Sallamaarit;10
Silja-Maaria;10
Tuula-Mari;10
Merja-Anneli;10
Petra-Pauliina;10
Benedicte;10
Dounia;10
Gungerd;10
Satu-Leena;10
Terttu-Maija;10
Mailen;10
Tetyana;10
Tulan;10
Angeliki;10
Nefertiti;10
Kataliina;10
Lucienne;10
Calista;10
Emmaliisa;10
Erita;10
Georgette;10
Ingalis;10
Mirita;10
Niina-Maarit;10
Quinn;10
Sabrine;10
Ancelica;10
Fiorella;10
Sofina;10
Anikka;10
Eija-Helena;10
Minnakaisa;10
Ninel;10
Sara-Maaria;10
Eeva-Maarit;10
Ayten;10
Elli-Marja;10
Pandora;10
Seinab;10
Leontina;10
Meera;10
Mikayla;10
Juunia;10
Dali;10
Sinerva;10
Stacey;10
Thordis;10
Leini;10
Lois;10
Lotti;10
Roosa-Sofia;10
Jahan;10
Kaisamaija;10
Seyedeh;10
Taru-Leena;10
Tuula-Kaarina;10
Jasmiitta;10
Efua;10
Heta-Stiina;10
Bricella;10
Cansu;10
Sissy;10
Valbone;10
Helka-Maria;10
Desirè;10
Marjo-Rita;10
Anele;10
Cindi;10
Sanna-Elina;10
Terella;10
Henja;10
Sheida;10
Ismontytär;10
Chira;10
Eile;10
Antonie;10
Marja-Tuulia;10
Ellenor;10
Aferdita;10
Andra;10
Anne-Louise;10
Jannice;10
Sila;10
Lul;10
Marilin;10
Minni-Maria;10
Johana;10
Kadriye;10
Eva-Maj;10
Tuittu;10
Virpi-Maria;10
Kaisa-Helena;10
Anni-Maarit;10
Arietta;10
Franseska;10
Alwan;10
Anne-Lie;10
Qian;10
Sanna-Helena;10
Genevieve;10
Maria-Christina;10
Heidi-Johanna;10
Annsofi;10
Pirjo-Kaarina;10
Sanna-Kaija;10
Liisa-Maaria;10
Anna-Ulla;10
Ida-Eveliina;10
Janeth;10
Milla-Maija;10
Everiina;10
Wilma-Lotta;10
Anemone;10
Maral;10
Miia-Johanna;10
Gullborg;10
Hilli;10
Jonna-Marika;10
Kareniina;10
Besa;10
Akira;10
Pouta;10
Pia-Carita;10
Vilja-Tuulia;10
Seija-Sinikka;10
Lillie;10
Tarja-Maarit;10
Liridona;10
Maija-Stina;10
Sannimaria;10
Anzhela;10
Gennadjevna;10
Kamil;10
Lisel;10
Maria-Pia;10
Terhen;10
Miki;10
Angeles;10
Anjelica;10
Türkan;10
Willa;10
Heini-Maaria;10
Anselica;10
Elli-Nora;10
Margrete;10
Nisha;10
Oo;10
Fahmo;10
Grazia;10
Auria;10
Nelli-Sofia;10
Tiia-Emilia;10
Veera-Liisa;10
Beáta;10
Raija-Maija;10
Reyhan;10
Stacy;10
Suvi-Juulia;10
Mirell;10
Enni-Maija;10
Hafso;10
Hilal;10
Chidera;10
Deciree;10
Sallariina;10
Sirene;10
Jalna;10
Katri-Elina;10
Seralia;10
Nima;10
Dan;10
Eevantytär;10
Emma-Riina;10
Abdalla;10
Si;10
Lyudmila;10
Magali;10
Anna-Lovisa;10
Anne-Riikka;10
Qi;10
Salaad;10
Katelyn;10
Magdalene;10
Hadi;10
Asya;10
Sarla;10
Lona;10
Marinette;10
Marjo-Hannele;10
Mathea;10
Anna-Loviisa;10
Elettra;10
Emiliia;10
Umayma;10
Leoni;10
Lisandra;10
Taija-Maria;10
Jannah;10
Nuria;10
Rubina;10
Inki;10
Janira;10
Nessi;10
Oihonna;10
Meryam;10
Frida-Maria;10
Heile;10
Jade-Maria;10
Jenna-Emilia;10
Aila-Maija;10
Maria-Katariina;10
Muhammed;10
Yuk;10
Awuor;10
Dionne;10
Shahin;10
Suska;10
Taina-Liisa;10
Merisa;10
Kirsti-Maija;10
Iben;10
Mio;10
Wilina;10
Danita;10
Donata;10
Elisa-Maria;10
Consuelo;10
Agne;10
Keea;10
Cemile;10
Kasimiira;10
Hilkka-Leena;10
Vaulikki;10
Meri-Maija;10
Delphine;10
Inci;10
Razia;10
Semira;10
Heidi-Hannele;10
Lyyra;10
Meri-Sisko;10
Ella-Riikka;10
Erjona;10
Evilla;10
Feodora;10
Sinituulia;10
Myrtle;10
Karma;10
Maria-Elisa;10
Fanni-Maria;10
Satu-Anna;10
Tarja-Maija;10
Tuula-Leena;10
Krispina;10
Miselle;10
Emese;10
Fatoumata;10
Inka-Liina;10
Alide;10
Samra;10
Maisi;10
Elsi-Maj;10
Hilpa;10
Elias;10
Vilpiina;10
Sumeja;10
Tiinakaisa;10
Jasminka;10
Yanina;10
Hentriika;10
Kamel;10
Martta-Liisa;10
Tahira;10
Amorina;10
Anneliese;10
Milla-Riitta;10
Benin;10
Eeva-Johanna;10
Hala;10
Homa;10
Sulina;10
Aksana;10
Grigorjevna;10
Ida-Liina;10
Sema;10
Shkurte;10
Meeli;10
Rozerin;10
Shirel;10
Maika;10
Mushtak;10
Njoki;10
Lai;10
Anna-Roosa;10
Heidi-Marie;10
Susu;10
Viivi-Sofia;10
Marjo-Helena;10
Miina-Liisa;10
Pham;10
Anni-Eveliina;10
Catarine;10
Sisilia;10
Terje;10
Fiia-Maria;10
Dua;10
Farahnaz;10
Heli-Sisko;10
Joann;10
Rikuntytär;10
Sessi;10
Göransdotter;10
Hinriikka;10
Jennamari;10
Eppu;10
Eva-Sofia;10
Sevim;10
Sirpa-Helena;10
Taija-Leena;10
Miia-Riina;10
Milla-Roosa;10
Mirel;10
Sabira;10
Anni-Pauliina;10
Mårtensdotter;10
Kuunsäde;10
Marienna;10
Eugénie;10
Ina-Sofia;10
Katjusa;10
Viana;10
Williina;10
Abdiwali;10
Anna-Greetta;10
Askontytär;10
Mery;10
Julieta;10
Lycke;10
Aino-Lotta;10
Anna-Johanna;10
Outi-Leena;10
Sari-Marjut;10
Agnetta;10
Reem;10
Karlsdotter;10
Eila-Kaarina;10
Aino-Marjatta;10
Nina-Liisa;10
Pirkko-Maija;10
Elmedina;10
Anu-Tuulia;10
Eweliina;10
Niina-Maija;10
Josanna;10
Christa-Maria;10
